0;2008I;левове;499;
0;2008II;левове;494;
0;2008III;левове;521;
0;2008IV;левове;546;
0;2008V;левове;527;
0;2008VI;левове;539;
0;2008VII;левове;534;
0;2008VIII;левове;531;
0;2008IX;левове;557;
0;2008X;левове;558;
0;2008XI;левове;564;
0;2008XII;левове;590;
0;2009I;левове;575;
0;2009II;левове;570;
0;2009III;левове;599;
0;2009IV;левове;610;
0;2009V;левове;601;
0;2009VI;левове;602;
0;2009VII;левове;598;
0;2009VIII;левове;593;
0;2009IX;левове;611;
0;2009X;левове;609;
0;2009XI;левове;616;
0;2009XII;левове;643;
0;2010I;левове;614;
0;2010II;левове;613;
0;2010III;левове;639;
0;2010IV;левове;646;
0;2010V;левове;643;
0;2010VI;левове;639;
0;2010VII;левове;640;
0;2010VIII;левове;633;
0;2010IX;левове;652;
0;2010X;левове;655;
0;2010XI;левове;673;
0;2010XII;левове;698;
0;2011I;левове;661;
0;2011II;левове;661;
0;2011III;левове;686;
0;2011IV;левове;708;
0;2011V;левове;696;
0;2011VI;левове;689;
0;2011VII;левове;690;
0;2011VIII;левове;683;
0;2011IX;левове;702;
0;2011X;левове;707;
0;2011XI;левове;724;
0;2011XII;левове;755;
0;2012I;левове;701;
0;2012II;левове;701;
0;2012III;левове;731;
0;2012IV;левове;740;
0;2012V;левове;736;
0;2012VI;левове;731;
0;2012VII;левове;729;
0;2012VIII;левове;723;
0;2012IX;левове;743;
0;2012X;левове;754;
0;2012XI;левове;756;
0;2012XII;левове;786;
0;2013I;левове;747;
0;2013II;левове;740;
0;2013III;левове;770;
0;2013IV;левове;781;
0;2013V;левове;775;
0;2013VI;левове;763;
0;2013VII;левове;775;
0;2013VIII;левове;755;
0;2013IX;левове;780;
0;2013X;левове;795;
0;2013XI;левове;795;
0;2013XII;левове;822;
0;2014I;левове;795;
0;2014II;левове;780;
0;2014III;левове;817;
0;2014IV;левове;836;
0;2014V;левове;818;
0;2014VI;левове;806;
0;2014VII;левове;816;
0;2014VIII;левове;794;
0;2014IX;левове;820;
0;2014X;левове;839;
0;2014XI;левове;833;
0;2014XII;левове;866;
0;2015I;левове;853;
0;2015II;левове;838;
0;2015III;левове;881;
0;2015IV;левове;898;
0;2015V;левове;874;
0;2015VI;левове;872;
0;2015VII;левове;880;
0;2015VIII;левове;859;
0;2015IX;левове;887;
0;2015X;левове;905;
0;2015XI;левове;909;
0;2015XII;левове;942;
0;2016I;левове;911;
0;2016II;левове;898;
0;2016III;левове;939;
0;2016IV;левове;957;
0;2016V;левове;939;
0;2016VI;левове;933;
0;2016VII;левове;943;
0;2016VIII;левове;920;
0;2016IX;левове;950;
0;2016X;левове;975;
0;2016XI;левове;967;
0;2016XII;левове;1006;
0;2017I;левове;990;
0;2017II;левове;982;
0;2017III;левове;1031;
0;2017IV;левове;1054;
0;2017V;левове;1032;
0;2017VI;левове;1024;
0;2017VII;левове;1038;
0;2017VIII;левове;1008;
0;2017IX;левове;1063;
0;2017X;левове;1081;
0;2017XI;левове;1077;
0;2017XII;левове;1120;
0;2018I;левове;1075;
0;2018II;левове;1049;
0;2018III;левове;1107;
0;2018IV;левове;1145;
0;2018V;левове;1110;
0;2018VI;левове;1119;
0;2018VII;левове;1120;
0;2018VIII;левове;1095;
0;2018IX;левове;1135;
0;2018X;левове;1157;
0;2018XI;левове;1151;
0;2018XII;левове;1205;
0;2019I;левове;1192;
0;2019II;левове;1184;
0;2019III;левове;1247;
0;2019IV;левове;1281;
0;2019V;левове;1246;
0;2019VI;левове;1253;
0;2019VII;левове;1257;
0;2019VIII;левове;1224;
0;2019IX;левове;1266;
A;2008I;левове;329;
A;2008II;левове;343;
A;2008III;левове;369;
A;2008IV;левове;365;
A;2008V;левове;360;
A;2008VI;левове;396;
A;2008VII;левове;400;
A;2008VIII;левове;379;
A;2008IX;левове;393;
A;2008X;левове;387;
A;2008XI;левове;370;
A;2008XII;левове;393;
A;2009I;левове;415;
A;2009II;левове;424;
A;2009III;левове;442;
A;2009IV;левове;445;
A;2009V;левове;426;
A;2009VI;левове;452;
A;2009VII;левове;453;
A;2009VIII;левове;440;
A;2009IX;левове;459;
A;2009X;левове;444;
A;2009XI;левове;445;
A;2009XII;левове;459;
A;2010I;левове;428;
A;2010II;левове;428;
A;2010III;левове;458;
A;2010IV;левове;473;
A;2010V;левове;453;
A;2010VI;левове;477;
A;2010VII;левове;502;
A;2010VIII;левове;477;
A;2010IX;левове;514;
A;2010X;левове;480;
A;2010XI;левове;520;
A;2010XII;левове;503;
A;2011I;левове;461;
A;2011II;левове;456;
A;2011III;левове;515;
A;2011IV;левове;497;
A;2011V;левове;486;
A;2011VI;левове;528;
A;2011VII;левове;533;
A;2011VIII;левове;511;
A;2011IX;левове;550;
A;2011X;левове;513;
A;2011XI;левове;546;
A;2011XII;левове;611;
A;2012I;левове;496;
A;2012II;левове;524;
A;2012III;левове;548;
A;2012IV;левове;561;
A;2012V;левове;534;
A;2012VI;левове;594;
A;2012VII;левове;609;
A;2012VIII;левове;577;
A;2012IX;левове;691;
A;2012X;левове;586;
A;2012XI;левове;585;
A;2012XII;левове;680;
A;2013I;левове;577;
A;2013II;левове;593;
A;2013III;левове;637;
A;2013IV;левове;641;
A;2013V;левове;616;
A;2013VI;левове;673;
A;2013VII;левове;682;
A;2013VIII;левове;649;
A;2013IX;левове;728;
A;2013X;левове;664;
A;2013XI;левове;649;
A;2013XII;левове;690;
A;2014I;левове;638;
A;2014II;левове;645;
A;2014III;левове;694;
A;2014IV;левове;674;
A;2014V;левове;660;
A;2014VI;левове;685;
A;2014VII;левове;702;
A;2014VIII;левове;665;
A;2014IX;левове;719;
A;2014X;левове;686;
A;2014XI;левове;657;
A;2014XII;левове;706;
A;2015I;левове;661;
A;2015II;левове;658;
A;2015III;левове;697;
A;2015IV;левове;708;
A;2015V;левове;679;
A;2015VI;левове;715;
A;2015VII;левове;744;
A;2015VIII;левове;696;
A;2015IX;левове;776;
A;2015X;левове;708;
A;2015XI;левове;742;
A;2015XII;левове;757;
A;2016I;левове;718;
A;2016II;левове;730;
A;2016III;левове;791;
A;2016IV;левове;766;
A;2016V;левове;739;
A;2016VI;левове;833;
A;2016VII;левове;829;
A;2016VIII;левове;778;
A;2016IX;левове;836;
A;2016X;левове;776;
A;2016XI;левове;793;
A;2016XII;левове;828;
A;2017I;левове;734;
A;2017II;левове;748;
A;2017III;левове;815;
A;2017IV;левове;803;
A;2017V;левове;799;
A;2017VI;левове;843;
A;2017VII;левове;888;
A;2017VIII;левове;831;
A;2017IX;левове;935;
A;2017X;левове;853;
A;2017XI;левове;879;
A;2017XII;левове;889;
A;2018I;левове;813;
A;2018II;левове;813;
A;2018III;левове;859;
A;2018IV;левове;897;
A;2018V;левове;874;
A;2018VI;левове;958;
A;2018VII;левове;894;
A;2018VIII;левове;897;
A;2018IX;левове;996;
A;2018X;левове;893;
A;2018XI;левове;897;
A;2018XII;левове;933;
A;2019I;левове;889;
A;2019II;левове;916;
A;2019III;левове;1000;
A;2019IV;левове;966;
A;2019V;левове;969;
A;2019VI;левове;1019;
A;2019VII;левове;1018;
A;2019VIII;левове;992;
A;2019IX;левове;1066;
B;2008I;левове;772;
B;2008II;левове;760;
B;2008III;левове;981;
B;2008IV;левове;791;
B;2008V;левове;846;
B;2008VI;левове;998;
B;2008VII;левове;830;
B;2008VIII;левове;824;
B;2008IX;левове;925;
B;2008X;левове;819;
B;2008XI;левове;863;
B;2008XII;левове;893;
B;2009I;левове;825;
B;2009II;левове;814;
B;2009III;левове;1020;
B;2009IV;левове;855;
B;2009V;левове;866;
B;2009VI;левове;1050;
B;2009VII;левове;890;
B;2009VIII;левове;878;
B;2009IX;левове;920;
B;2009X;левове;990;
B;2009XI;левове;963;
B;2009XII;левове;1107;
B;2010I;левове;911;
B;2010II;левове;943;
B;2010III;левове;1117;
B;2010IV;левове;970;
B;2010V;левове;989;
B;2010VI;левове;1133;
B;2010VII;левове;1016;
B;2010VIII;левове;939;
B;2010IX;левове;1135;
B;2010X;левове;960;
B;2010XI;левове;988;
B;2010XII;левове;1142;
B;2011I;левове;962;
B;2011II;левове;954;
B;2011III;левове;1266;
B;2011IV;левове;1051;
B;2011V;левове;1053;
B;2011VI;левове;1324;
B;2011VII;левове;1044;
B;2011VIII;левове;1119;
B;2011IX;левове;1280;
B;2011X;левове;1098;
B;2011XI;левове;1213;
B;2011XII;левове;1298;
B;2012I;левове;1072;
B;2012II;левове;1022;
B;2012III;левове;1495;
B;2012IV;левове;1153;
B;2012V;левове;1161;
B;2012VI;левове;1231;
B;2012VII;левове;1161;
B;2012VIII;левове;1198;
B;2012IX;левове;1463;
B;2012X;левове;1110;
B;2012XI;левове;1329;
B;2012XII;левове;1415;
B;2013I;левове;1125;
B;2013II;левове;1114;
B;2013III;левове;1487;
B;2013IV;левове;1077;
B;2013V;левове;1155;
B;2013VI;левове;1363;
B;2013VII;левове;1157;
B;2013VIII;левове;1123;
B;2013IX;левове;1359;
B;2013X;левове;1143;
B;2013XI;левове;1238;
B;2013XII;левове;1431;
B;2014I;левове;1289;
B;2014II;левове;1140;
B;2014III;левове;1535;
B;2014IV;левове;1257;
B;2014V;левове;1189;
B;2014VI;левове;1455;
B;2014VII;левове;1284;
B;2014VIII;левове;1160;
B;2014IX;левове;1398;
B;2014X;левове;1279;
B;2014XI;левове;1271;
B;2014XII;левове;1507;
B;2015I;левове;1260;
B;2015II;левове;1229;
B;2015III;левове;1526;
B;2015IV;левове;1292;
B;2015V;левове;1248;
B;2015VI;левове;1483;
B;2015VII;левове;1376;
B;2015VIII;левове;1240;
B;2015IX;левове;1376;
B;2015X;левове;1309;
B;2015XI;левове;1297;
B;2015XII;левове;1444;
B;2016I;левове;1267;
B;2016II;левове;1249;
B;2016III;левове;1452;
B;2016IV;левове;1330;
B;2016V;левове;1342;
B;2016VI;левове;1511;
B;2016VII;левове;1376;
B;2016VIII;левове;1288;
B;2016IX;левове;1424;
B;2016X;левове;1344;
B;2016XI;левове;1355;
B;2016XII;левове;1525;
B;2017I;левове;1363;
B;2017II;левове;1357;
B;2017III;левове;1621;
B;2017IV;левове;1536;
B;2017V;левове;1590;
B;2017VI;левове;1530;
B;2017VII;левове;1552;
B;2017VIII;левове;1430;
B;2017IX;левове;1606;
B;2017X;левове;1531;
B;2017XI;левове;1522;
B;2017XII;левове;1762;
B;2018I;левове;1588;
B;2018II;левове;1501;
B;2018III;левове;1836;
B;2018IV;левове;1790;
B;2018V;левове;1512;
B;2018VI;левове;1780;
B;2018VII;левове;1636;
B;2018VIII;левове;1490;
B;2018IX;левове;1845;
B;2018X;левове;1743;
B;2018XI;левове;1665;
B;2018XII;левове;1847;
B;2019I;левове;1774;
B;2019II;левове;1605;
B;2019III;левове;1891;
B;2019IV;левове;2050;
B;2019V;левове;1641;
B;2019VI;левове;1754;
B;2019VII;левове;1746;
B;2019VIII;левове;1633;
B;2019IX;левове;1760;
C;2008I;левове;440;
C;2008II;левове;444;
C;2008III;левове;466;
C;2008IV;левове;464;
C;2008V;левове;470;
C;2008VI;левове;479;
C;2008VII;левове;479;
C;2008VIII;левове;476;
C;2008IX;левове;487;
C;2008X;левове;482;
C;2008XI;левове;487;
C;2008XII;левове;492;
C;2009I;левове;490;
C;2009II;левове;488;
C;2009III;левове;500;
C;2009IV;левове;509;
C;2009V;левове;516;
C;2009VI;левове;519;
C;2009VII;левове;518;
C;2009VIII;левове;517;
C;2009IX;левове;522;
C;2009X;левове;520;
C;2009XI;левове;522;
C;2009XII;левове;530;
C;2010I;левове;536;
C;2010II;левове;533;
C;2010III;левове;563;
C;2010IV;левове;561;
C;2010V;левове;566;
C;2010VI;левове;573;
C;2010VII;левове;573;
C;2010VIII;левове;571;
C;2010IX;левове;583;
C;2010X;левове;576;
C;2010XI;левове;585;
C;2010XII;левове;603;
C;2011I;левове;560;
C;2011II;левове;560;
C;2011III;левове;590;
C;2011IV;левове;595;
C;2011V;левове;592;
C;2011VI;левове;596;
C;2011VII;левове;594;
C;2011VIII;левове;592;
C;2011IX;левове;601;
C;2011X;левове;595;
C;2011XI;левове;601;
C;2011XII;левове;611;
C;2012I;левове;590;
C;2012II;левове;588;
C;2012III;левове;626;
C;2012IV;левове;626;
C;2012V;левове;629;
C;2012VI;левове;633;
C;2012VII;левове;630;
C;2012VIII;левове;623;
C;2012IX;левове;632;
C;2012X;левове;631;
C;2012XI;левове;640;
C;2012XII;левове;651;
C;2013I;левове;632;
C;2013II;левове;627;
C;2013III;левове;657;
C;2013IV;левове;646;
C;2013V;левове;656;
C;2013VI;левове;662;
C;2013VII;левове;659;
C;2013VIII;левове;656;
C;2013IX;левове;662;
C;2013X;левове;664;
C;2013XI;левове;674;
C;2013XII;левове;676;
C;2014I;левове;663;
C;2014II;левове;665;
C;2014III;левове;696;
C;2014IV;левове;700;
C;2014V;левове;694;
C;2014VI;левове;695;
C;2014VII;левове;697;
C;2014VIII;левове;690;
C;2014IX;левове;703;
C;2014X;левове;699;
C;2014XI;левове;715;
C;2014XII;левове;725;
C;2015I;левове;724;
C;2015II;левове;718;
C;2015III;левове;753;
C;2015IV;левове;754;
C;2015V;левове;757;
C;2015VI;левове;762;
C;2015VII;левове;767;
C;2015VIII;левове;760;
C;2015IX;левове;775;
C;2015X;левове;780;
C;2015XI;левове;795;
C;2015XII;левове;799;
C;2016I;левове;793;
C;2016II;левове;793;
C;2016III;левове;836;
C;2016IV;левове;831;
C;2016V;левове;832;
C;2016VI;левове;840;
C;2016VII;левове;833;
C;2016VIII;левове;827;
C;2016IX;левове;848;
C;2016X;левове;849;
C;2016XI;левове;866;
C;2016XII;левове;868;
C;2017I;левове;860;
C;2017II;левове;870;
C;2017III;левове;915;
C;2017IV;левове;920;
C;2017V;левове;924;
C;2017VI;левове;923;
C;2017VII;левове;924;
C;2017VIII;левове;911;
C;2017IX;левове;947;
C;2017X;левове;933;
C;2017XI;левове;964;
C;2017XII;левове;973;
C;2018I;левове;961;
C;2018II;левове;945;
C;2018III;левове;1007;
C;2018IV;левове;1013;
C;2018V;левове;1008;
C;2018VI;левове;1016;
C;2018VII;левове;1009;
C;2018VIII;левове;998;
C;2018IX;левове;1034;
C;2018X;левове;1019;
C;2018XI;левове;1061;
C;2018XII;левове;1068;
C;2019I;левове;1058;
C;2019II;левове;1056;
C;2019III;левове;1111;
C;2019IV;левове;1122;
C;2019V;левове;1111;
C;2019VI;левове;1116;
C;2019VII;левове;1117;
C;2019VIII;левове;1107;
C;2019IX;левове;1140;
D;2008I;левове;885;
D;2008II;левове;953;
D;2008III;левове;1036;
D;2008IV;левове;1004;
D;2008V;левове;1101;
D;2008VI;левове;1037;
D;2008VII;левове;1017;
D;2008VIII;левове;1140;
D;2008IX;левове;1150;
D;2008X;левове;1045;
D;2008XI;левове;1192;
D;2008XII;левове;1270;
D;2009I;левове;1159;
D;2009II;левове;1171;
D;2009III;левове;1438;
D;2009IV;левове;1286;
D;2009V;левове;1351;
D;2009VI;левове;1283;
D;2009VII;левове;1252;
D;2009VIII;левове;1285;
D;2009IX;левове;1302;
D;2009X;левове;1328;
D;2009XI;левове;1300;
D;2009XII;левове;1397;
D;2010I;левове;1347;
D;2010II;левове;1298;
D;2010III;левове;1345;
D;2010IV;левове;1408;
D;2010V;левове;1378;
D;2010VI;левове;1373;
D;2010VII;левове;1384;
D;2010VIII;левове;1414;
D;2010IX;левове;1377;
D;2010X;левове;1380;
D;2010XI;левове;1372;
D;2010XII;левове;1530;
D;2011I;левове;1337;
D;2011II;левове;1416;
D;2011III;левове;1424;
D;2011IV;левове;1460;
D;2011V;левове;1459;
D;2011VI;левове;1420;
D;2011VII;левове;1392;
D;2011VIII;левове;1399;
D;2011IX;левове;1451;
D;2011X;левове;1472;
D;2011XI;левове;1526;
D;2011XII;левове;1578;
D;2012I;левове;1639;
D;2012II;левове;1534;
D;2012III;левове;1544;
D;2012IV;левове;1543;
D;2012V;левове;1500;
D;2012VI;левове;1576;
D;2012VII;левове;1474;
D;2012VIII;левове;1455;
D;2012IX;левове;1602;
D;2012X;левове;1471;
D;2012XI;левове;1541;
D;2012XII;левове;1672;
D;2013I;левове;1522;
D;2013II;левове;1597;
D;2013III;левове;1637;
D;2013IV;левове;1543;
D;2013V;левове;1571;
D;2013VI;левове;1497;
D;2013VII;левове;1519;
D;2013VIII;левове;1452;
D;2013IX;левове;1597;
D;2013X;левове;1492;
D;2013XI;левове;1516;
D;2013XII;левове;1617;
D;2014I;левове;1504;
D;2014II;левове;1576;
D;2014III;левове;1525;
D;2014IV;левове;1672;
D;2014V;левове;1599;
D;2014VI;левове;1533;
D;2014VII;левове;1508;
D;2014VIII;левове;1493;
D;2014IX;левове;1589;
D;2014X;левове;1501;
D;2014XI;левове;1527;
D;2014XII;левове;1610;
D;2015I;левове;1502;
D;2015II;левове;1568;
D;2015III;левове;1654;
D;2015IV;левове;1599;
D;2015V;левове;1647;
D;2015VI;левове;1627;
D;2015VII;левове;1503;
D;2015VIII;левове;1556;
D;2015IX;левове;1711;
D;2015X;левове;1571;
D;2015XI;левове;1577;
D;2015XII;левове;1799;
D;2016I;левове;1549;
D;2016II;левове;1511;
D;2016III;левове;1669;
D;2016IV;левове;1601;
D;2016V;левове;1639;
D;2016VI;левове;1613;
D;2016VII;левове;1589;
D;2016VIII;левове;1522;
D;2016IX;левове;1755;
D;2016X;левове;1682;
D;2016XI;левове;1643;
D;2016XII;левове;1873;
D;2017I;левове;1755;
D;2017II;левове;1572;
D;2017III;левове;1694;
D;2017IV;левове;1732;
D;2017V;левове;1692;
D;2017VI;левове;1807;
D;2017VII;левове;1652;
D;2017VIII;левове;1619;
D;2017IX;левове;1847;
D;2017X;левове;1732;
D;2017XI;левове;1736;
D;2017XII;левове;1908;
D;2018I;левове;1656;
D;2018II;левове;1675;
D;2018III;левове;1832;
D;2018IV;левове;1804;
D;2018V;левове;1779;
D;2018VI;левове;1880;
D;2018VII;левове;1747;
D;2018VIII;левове;1718;
D;2018IX;левове;1947;
D;2018X;левове;1803;
D;2018XI;левове;1777;
D;2018XII;левове;2084;
D;2019I;левове;1859;
D;2019II;левове;1849;
D;2019III;левове;1923;
D;2019IV;левове;2010;
D;2019V;левове;2063;
D;2019VI;левове;2072;
D;2019VII;левове;1926;
D;2019VIII;левове;1930;
D;2019IX;левове;2083;
E;2008I;левове;513;
E;2008II;левове;515;
E;2008III;левове;566;
E;2008IV;левове;554;
E;2008V;левове;563;
E;2008VI;левове;568;
E;2008VII;левове;560;
E;2008VIII;левове;595;
E;2008IX;левове;627;
E;2008X;левове;592;
E;2008XI;левове;586;
E;2008XII;левове;627;
E;2009I;левове;536;
E;2009II;левове;554;
E;2009III;левове;587;
E;2009IV;левове;555;
E;2009V;левове;579;
E;2009VI;левове;557;
E;2009VII;левове;568;
E;2009VIII;левове;598;
E;2009IX;левове;609;
E;2009X;левове;588;
E;2009XI;левове;595;
E;2009XII;левове;628;
E;2010I;левове;598;
E;2010II;левове;592;
E;2010III;левове;661;
E;2010IV;левове;623;
E;2010V;левове;622;
E;2010VI;левове;621;
E;2010VII;левове;605;
E;2010VIII;левове;614;
E;2010IX;левове;667;
E;2010X;левове;619;
E;2010XI;левове;641;
E;2010XII;левове;682;
E;2011I;левове;625;
E;2011II;левове;639;
E;2011III;левове;650;
E;2011IV;левове;687;
E;2011V;левове;658;
E;2011VI;левове;654;
E;2011VII;левове;646;
E;2011VIII;левове;649;
E;2011IX;левове;684;
E;2011X;левове;660;
E;2011XI;левове;672;
E;2011XII;левове;711;
E;2012I;левове;663;
E;2012II;левове;651;
E;2012III;левове;652;
E;2012IV;левове;665;
E;2012V;левове;674;
E;2012VI;левове;681;
E;2012VII;левове;652;
E;2012VIII;левове;652;
E;2012IX;левове;683;
E;2012X;левове;662;
E;2012XI;левове;690;
E;2012XII;левове;741;
E;2013I;левове;669;
E;2013II;левове;690;
E;2013III;левове;740;
E;2013IV;левове;704;
E;2013V;левове;734;
E;2013VI;левове;709;
E;2013VII;левове;698;
E;2013VIII;левове;709;
E;2013IX;левове;728;
E;2013X;левове;719;
E;2013XI;левове;733;
E;2013XII;левове;779;
E;2014I;левове;727;
E;2014II;левове;749;
E;2014III;левове;789;
E;2014IV;левове;751;
E;2014V;левове;742;
E;2014VI;левове;725;
E;2014VII;левове;731;
E;2014VIII;левове;733;
E;2014IX;левове;750;
E;2014X;левове;738;
E;2014XI;левове;750;
E;2014XII;левове;781;
E;2015I;левове;745;
E;2015II;левове;762;
E;2015III;левове;808;
E;2015IV;левове;773;
E;2015V;левове;771;
E;2015VI;левове;770;
E;2015VII;левове;757;
E;2015VIII;левове;763;
E;2015IX;левове;797;
E;2015X;левове;763;
E;2015XI;левове;785;
E;2015XII;левове;817;
E;2016I;левове;772;
E;2016II;левове;766;
E;2016III;левове;827;
E;2016IV;левове;800;
E;2016V;левове;805;
E;2016VI;левове;802;
E;2016VII;левове;794;
E;2016VIII;левове;802;
E;2016IX;левове;816;
E;2016X;левове;791;
E;2016XI;левове;823;
E;2016XII;левове;848;
E;2017I;левове;824;
E;2017II;левове;825;
E;2017III;левове;862;
E;2017IV;левове;862;
E;2017V;левове;883;
E;2017VI;левове;859;
E;2017VII;левове;896;
E;2017VIII;левове;845;
E;2017IX;левове;887;
E;2017X;левове;847;
E;2017XI;левове;924;
E;2017XII;левове;931;
E;2018I;левове;892;
E;2018II;левове;872;
E;2018III;левове;922;
E;2018IV;левове;918;
E;2018V;левове;935;
E;2018VI;левове;918;
E;2018VII;левове;913;
E;2018VIII;левове;922;
E;2018IX;левове;917;
E;2018X;левове;916;
E;2018XI;левове;974;
E;2018XII;левове;990;
E;2019I;левове;930;
E;2019II;левове;940;
E;2019III;левове;981;
E;2019IV;левове;994;
E;2019V;левове;999;
E;2019VI;левове;979;
E;2019VII;левове;980;
E;2019VIII;левове;986;
E;2019IX;левове;1008;
F;2008I;левове;433;
F;2008II;левове;446;
F;2008III;левове;449;
F;2008IV;левове;549;
F;2008V;левове;462;
F;2008VI;левове;465;
F;2008VII;левове;464;
F;2008VIII;левове;464;
F;2008IX;левове;469;
F;2008X;левове;483;
F;2008XI;левове;493;
F;2008XII;левове;481;
F;2009I;левове;502;
F;2009II;левове;513;
F;2009III;левове;531;
F;2009IV;левове;546;
F;2009V;левове;551;
F;2009VI;левове;558;
F;2009VII;левове;542;
F;2009VIII;левове;546;
F;2009IX;левове;553;
F;2009X;левове;544;
F;2009XI;левове;560;
F;2009XII;левове;546;
F;2010I;левове;509;
F;2010II;левове;522;
F;2010III;левове;551;
F;2010IV;левове;566;
F;2010V;левове;569;
F;2010VI;левове;559;
F;2010VII;левове;579;
F;2010VIII;левове;572;
F;2010IX;левове;575;
F;2010X;левове;582;
F;2010XI;левове;601;
F;2010XII;левове;584;
F;2011I;левове;549;
F;2011II;левове;543;
F;2011III;левове;569;
F;2011IV;левове;580;
F;2011V;левове;592;
F;2011VI;левове;590;
F;2011VII;левове;598;
F;2011VIII;левове;608;
F;2011IX;левове;609;
F;2011X;левове;631;
F;2011XI;левове;644;
F;2011XII;левове;625;
F;2012I;левове;572;
F;2012II;левове;555;
F;2012III;левове;609;
F;2012IV;левове;615;
F;2012V;левове;612;
F;2012VI;левове;611;
F;2012VII;левове;623;
F;2012VIII;левове;627;
F;2012IX;левове;640;
F;2012X;левове;653;
F;2012XI;левове;648;
F;2012XII;левове;632;
F;2013I;левове;602;
F;2013II;левове;598;
F;2013III;левове;636;
F;2013IV;левове;646;
F;2013V;левове;648;
F;2013VI;левове;655;
F;2013VII;левове;664;
F;2013VIII;левове;644;
F;2013IX;левове;664;
F;2013X;левове;666;
F;2013XI;левове;701;
F;2013XII;левове;678;
F;2014I;левове;642;
F;2014II;левове;646;
F;2014III;левове;683;
F;2014IV;левове;717;
F;2014V;левове;687;
F;2014VI;левове;676;
F;2014VII;левове;701;
F;2014VIII;левове;699;
F;2014IX;левове;709;
F;2014X;левове;685;
F;2014XI;левове;705;
F;2014XII;левове;700;
F;2015I;левове;685;
F;2015II;левове;691;
F;2015III;левове;717;
F;2015IV;левове;727;
F;2015V;левове;740;
F;2015VI;левове;748;
F;2015VII;левове;761;
F;2015VIII;левове;753;
F;2015IX;левове;745;
F;2015X;левове;748;
F;2015XI;левове;753;
F;2015XII;левове;765;
F;2016I;левове;694;
F;2016II;левове;716;
F;2016III;левове;742;
F;2016IV;левове;752;
F;2016V;левове;744;
F;2016VI;левове;764;
F;2016VII;левове;747;
F;2016VIII;левове;755;
F;2016IX;левове;742;
F;2016X;левове;754;
F;2016XI;левове;774;
F;2016XII;левове;767;
F;2017I;левове;693;
F;2017II;левове;755;
F;2017III;левове;806;
F;2017IV;левове;793;
F;2017V;левове;800;
F;2017VI;левове;804;
F;2017VII;левове;799;
F;2017VIII;левове;816;
F;2017IX;левове;853;
F;2017X;левове;861;
F;2017XI;левове;887;
F;2017XII;левове;850;
F;2018I;левове;798;
F;2018II;левове;812;
F;2018III;левове;848;
F;2018IV;левове;876;
F;2018V;левове;894;
F;2018VI;левове;892;
F;2018VII;левове;891;
F;2018VIII;левове;888;
F;2018IX;левове;875;
F;2018X;левове;905;
F;2018XI;левове;921;
F;2018XII;левове;878;
F;2019I;левове;897;
F;2019II;левове;909;
F;2019III;левове;952;
F;2019IV;левове;960;
F;2019V;левове;976;
F;2019VI;левове;986;
F;2019VII;левове;975;
F;2019VIII;левове;1004;
F;2019IX;левове;1004;
G;2008I;левове;442;
G;2008II;левове;436;
G;2008III;левове;464;
G;2008IV;левове;485;
G;2008V;левове;462;
G;2008VI;левове;472;
G;2008VII;левове;464;
G;2008VIII;левове;457;
G;2008IX;левове;474;
G;2008X;левове;478;
G;2008XI;левове;476;
G;2008XII;левове;504;
G;2009I;левове;551;
G;2009II;левове;537;
G;2009III;левове;556;
G;2009IV;левове;561;
G;2009V;левове;540;
G;2009VI;левове;540;
G;2009VII;левове;551;
G;2009VIII;левове;540;
G;2009IX;левове;547;
G;2009X;левове;542;
G;2009XI;левове;549;
G;2009XII;левове;572;
G;2010I;левове;509;
G;2010II;левове;510;
G;2010III;левове;526;
G;2010IV;левове;528;
G;2010V;левове;524;
G;2010VI;левове;518;
G;2010VII;левове;521;
G;2010VIII;левове;524;
G;2010IX;левове;528;
G;2010X;левове;534;
G;2010XI;левове;542;
G;2010XII;левове;559;
G;2011I;левове;599;
G;2011II;левове;596;
G;2011III;левове;622;
G;2011IV;левове;640;
G;2011V;левове;619;
G;2011VI;левове;615;
G;2011VII;левове;619;
G;2011VIII;левове;619;
G;2011IX;левове;630;
G;2011X;левове;631;
G;2011XI;левове;636;
G;2011XII;левове;654;
G;2012I;левове;654;
G;2012II;левове;646;
G;2012III;левове;672;
G;2012IV;левове;683;
G;2012V;левове;672;
G;2012VI;левове;673;
G;2012VII;левове;663;
G;2012VIII;левове;670;
G;2012IX;левове;671;
G;2012X;левове;667;
G;2012XI;левове;679;
G;2012XII;левове;708;
G;2013I;левове;661;
G;2013II;левове;657;
G;2013III;левове;674;
G;2013IV;левове;692;
G;2013V;левове;694;
G;2013VI;левове;679;
G;2013VII;левове;679;
G;2013VIII;левове;678;
G;2013IX;левове;695;
G;2013X;левове;688;
G;2013XI;левове;702;
G;2013XII;левове;716;
G;2014I;левове;729;
G;2014II;левове;711;
G;2014III;левове;752;
G;2014IV;левове;755;
G;2014V;левове;750;
G;2014VI;левове;740;
G;2014VII;левове;748;
G;2014VIII;левове;744;
G;2014IX;левове;751;
G;2014X;левове;740;
G;2014XI;левове;748;
G;2014XII;левове;781;
G;2015I;левове;793;
G;2015II;левове;787;
G;2015III;левове;832;
G;2015IV;левове;837;
G;2015V;левове;822;
G;2015VI;левове;815;
G;2015VII;левове;817;
G;2015VIII;левове;811;
G;2015IX;левове;823;
G;2015X;левове;817;
G;2015XI;левове;839;
G;2015XII;левове;860;
G;2016I;левове;825;
G;2016II;левове;838;
G;2016III;левове;859;
G;2016IV;левове;862;
G;2016V;левове;863;
G;2016VI;левове;855;
G;2016VII;левове;859;
G;2016VIII;левове;861;
G;2016IX;левове;873;
G;2016X;левове;874;
G;2016XI;левове;895;
G;2016XII;левове;923;
G;2017I;левове;920;
G;2017II;левове;926;
G;2017III;левове;961;
G;2017IV;левове;980;
G;2017V;левове;965;
G;2017VI;левове;955;
G;2017VII;левове;959;
G;2017VIII;левове;956;
G;2017IX;левове;983;
G;2017X;левове;973;
G;2017XI;левове;989;
G;2017XII;левове;1032;
G;2018I;левове;943;
G;2018II;левове;926;
G;2018III;левове;971;
G;2018IV;левове;994;
G;2018V;левове;991;
G;2018VI;левове;983;
G;2018VII;левове;994;
G;2018VIII;левове;984;
G;2018IX;левове;995;
G;2018X;левове;989;
G;2018XI;левове;1019;
G;2018XII;левове;1076;
G;2019I;левове;1057;
G;2019II;левове;1051;
G;2019III;левове;1103;
G;2019IV;левове;1129;
G;2019V;левове;1116;
G;2019VI;левове;1105;
G;2019VII;левове;1109;
G;2019VIII;левове;1104;
G;2019IX;левове;1119;
H;2008I;левове;577;
H;2008II;левове;546;
H;2008III;левове;577;
H;2008IV;левове;579;
H;2008V;левове;586;
H;2008VI;левове;598;
H;2008VII;левове;618;
H;2008VIII;левове;590;
H;2008IX;левове;606;
H;2008X;левове;600;
H;2008XI;левове;600;
H;2008XII;левове;628;
H;2009I;левове;663;
H;2009II;левове;624;
H;2009III;левове;636;
H;2009IV;левове;637;
H;2009V;левове;642;
H;2009VI;левове;631;
H;2009VII;левове;621;
H;2009VIII;левове;624;
H;2009IX;левове;635;
H;2009X;левове;625;
H;2009XI;левове;645;
H;2009XII;левове;655;
H;2010I;левове;696;
H;2010II;левове;658;
H;2010III;левове;677;
H;2010IV;левове;691;
H;2010V;левове;697;
H;2010VI;левове;691;
H;2010VII;левове;717;
H;2010VIII;левове;709;
H;2010IX;левове;732;
H;2010X;левове;709;
H;2010XI;левове;737;
H;2010XII;левове;762;
H;2011I;левове;704;
H;2011II;левове;719;
H;2011III;левове;706;
H;2011IV;левове;734;
H;2011V;левове;725;
H;2011VI;левове;707;
H;2011VII;левове;721;
H;2011VIII;левове;700;
H;2011IX;левове;723;
H;2011X;левове;719;
H;2011XI;левове;738;
H;2011XII;левове;773;
H;2012I;левове;705;
H;2012II;левове;723;
H;2012III;левове;719;
H;2012IV;левове;735;
H;2012V;левове;730;
H;2012VI;левове;741;
H;2012VII;левове;762;
H;2012VIII;левове;728;
H;2012IX;левове;749;
H;2012X;левове;730;
H;2012XI;левове;780;
H;2012XII;левове;768;
H;2013I;левове;742;
H;2013II;левове;762;
H;2013III;левове;750;
H;2013IV;левове;754;
H;2013V;левове;794;
H;2013VI;левове;742;
H;2013VII;левове;749;
H;2013VIII;левове;750;
H;2013IX;левове;764;
H;2013X;левове;730;
H;2013XI;левове;764;
H;2013XII;левове;775;
H;2014I;левове;736;
H;2014II;левове;757;
H;2014III;левове;751;
H;2014IV;левове;776;
H;2014V;левове;787;
H;2014VI;левове;763;
H;2014VII;левове;779;
H;2014VIII;левове;773;
H;2014IX;левове;813;
H;2014X;левове;783;
H;2014XI;левове;802;
H;2014XII;левове;824;
H;2015I;левове;792;
H;2015II;левове;820;
H;2015III;левове;816;
H;2015IV;левове;833;
H;2015V;левове;837;
H;2015VI;левове;852;
H;2015VII;левове;842;
H;2015VIII;левове;835;
H;2015IX;левове;847;
H;2015X;левове;816;
H;2015XI;левове;820;
H;2015XII;левове;849;
H;2016I;левове;846;
H;2016II;левове;824;
H;2016III;левове;858;
H;2016IV;левове;852;
H;2016V;левове;867;
H;2016VI;левове;856;
H;2016VII;левове;871;
H;2016VIII;левове;855;
H;2016IX;левове;884;
H;2016X;левове;850;
H;2016XI;левове;853;
H;2016XII;левове;887;
H;2017I;левове;913;
H;2017II;левове;895;
H;2017III;левове;928;
H;2017IV;левове;938;
H;2017V;левове;930;
H;2017VI;левове;931;
H;2017VII;левове;950;
H;2017VIII;левове;936;
H;2017IX;левове;971;
H;2017X;левове;943;
H;2017XI;левове;954;
H;2017XII;левове;992;
H;2018I;левове;997;
H;2018II;левове;971;
H;2018III;левове;1007;
H;2018IV;левове;1041;
H;2018V;левове;1031;
H;2018VI;левове;1029;
H;2018VII;левове;1037;
H;2018VIII;левове;1020;
H;2018IX;левове;1062;
H;2018X;левове;1028;
H;2018XI;левове;1041;
H;2018XII;левове;1084;
H;2019I;левове;1106;
H;2019II;левове;1093;
H;2019III;левове;1127;
H;2019IV;левове;1158;
H;2019V;левове;1163;
H;2019VI;левове;1171;
H;2019VII;левове;1175;
H;2019VIII;левове;1168;
H;2019IX;левове;1187;
I;2008I;левове;332;
I;2008II;левове;329;
I;2008III;левове;335;
I;2008IV;левове;359;
I;2008V;левове;385;
I;2008VI;левове;358;
I;2008VII;левове;354;
I;2008VIII;левове;358;
I;2008IX;левове;372;
I;2008X;левове;374;
I;2008XI;левове;364;
I;2008XII;левове;374;
I;2009I;левове;381;
I;2009II;левове;378;
I;2009III;левове;385;
I;2009IV;левове;397;
I;2009V;левове;399;
I;2009VI;левове;384;
I;2009VII;левове;384;
I;2009VIII;левове;384;
I;2009IX;левове;395;
I;2009X;левове;383;
I;2009XI;левове;381;
I;2009XII;левове;397;
I;2010I;левове;391;
I;2010II;левове;389;
I;2010III;левове;402;
I;2010IV;левове;410;
I;2010V;левове;413;
I;2010VI;левове;405;
I;2010VII;левове;403;
I;2010VIII;левове;406;
I;2010IX;левове;418;
I;2010X;левове;414;
I;2010XI;левове;413;
I;2010XII;левове;426;
I;2011I;левове;409;
I;2011II;левове;401;
I;2011III;левове;421;
I;2011IV;левове;432;
I;2011V;левове;436;
I;2011VI;левове;425;
I;2011VII;левове;434;
I;2011VIII;левове;432;
I;2011IX;левове;443;
I;2011X;левове;434;
I;2011XI;левове;434;
I;2011XII;левове;468;
I;2012I;левове;470;
I;2012II;левове;468;
I;2012III;левове;483;
I;2012IV;левове;501;
I;2012V;левове;515;
I;2012VI;левове;491;
I;2012VII;левове;497;
I;2012VIII;левове;499;
I;2012IX;левове;512;
I;2012X;левове;506;
I;2012XI;левове;500;
I;2012XII;левове;522;
I;2013I;левове;494;
I;2013II;левове;484;
I;2013III;левове;502;
I;2013IV;левове;506;
I;2013V;левове;545;
I;2013VI;левове;520;
I;2013VII;левове;520;
I;2013VIII;левове;520;
I;2013IX;левове;556;
I;2013X;левове;514;
I;2013XI;левове;513;
I;2013XII;левове;530;
I;2014I;левове;523;
I;2014II;левове;512;
I;2014III;левове;537;
I;2014IV;левове;548;
I;2014V;левове;550;
I;2014VI;левове;540;
I;2014VII;левове;531;
I;2014VIII;левове;528;
I;2014IX;левове;549;
I;2014X;левове;544;
I;2014XI;левове;538;
I;2014XII;левове;562;
I;2015I;левове;535;
I;2015II;левове;524;
I;2015III;левове;536;
I;2015IV;левове;543;
I;2015V;левове;556;
I;2015VI;левове;537;
I;2015VII;левове;542;
I;2015VIII;левове;545;
I;2015IX;левове;562;
I;2015X;левове;552;
I;2015XI;левове;544;
I;2015XII;левове;570;
I;2016I;левове;581;
I;2016II;левове;558;
I;2016III;левове;580;
I;2016IV;левове;590;
I;2016V;левове;608;
I;2016VI;левове;574;
I;2016VII;левове;572;
I;2016VIII;левове;571;
I;2016IX;левове;594;
I;2016X;левове;593;
I;2016XI;левове;583;
I;2016XII;левове;598;
I;2017I;левове;607;
I;2017II;левове;604;
I;2017III;левове;621;
I;2017IV;левове;639;
I;2017V;левове;637;
I;2017VI;левове;619;
I;2017VII;левове;617;
I;2017VIII;левове;614;
I;2017IX;левове;646;
I;2017X;левове;642;
I;2017XI;левове;639;
I;2017XII;левове;665;
I;2018I;левове;656;
I;2018II;левове;643;
I;2018III;левове;665;
I;2018IV;левове;686;
I;2018V;левове;705;
I;2018VI;левове;700;
I;2018VII;левове;704;
I;2018VIII;левове;700;
I;2018IX;левове;720;
I;2018X;левове;697;
I;2018XI;левове;701;
I;2018XII;левове;719;
I;2019I;левове;720;
I;2019II;левове;718;
I;2019III;левове;751;
I;2019IV;левове;790;
I;2019V;левове;791;
I;2019VI;левове;766;
I;2019VII;левове;774;
I;2019VIII;левове;766;
I;2019IX;левове;808;
J;2008I;левове;1155;
J;2008II;левове;999;
J;2008III;левове;1019;
J;2008IV;левове;1060;
J;2008V;левове;1049;
J;2008VI;левове;1087;
J;2008VII;левове;1100;
J;2008VIII;левове;1035;
J;2008IX;левове;1116;
J;2008X;левове;1116;
J;2008XI;левове;1103;
J;2008XII;левове;1220;
J;2009I;левове;1118;
J;2009II;левове;1035;
J;2009III;левове;1114;
J;2009IV;левове;1113;
J;2009V;левове;1079;
J;2009VI;левове;1092;
J;2009VII;левове;1156;
J;2009VIII;левове;1119;
J;2009IX;левове;1149;
J;2009X;левове;1182;
J;2009XI;левове;1175;
J;2009XII;левове;1270;
J;2010I;левове;1185;
J;2010II;левове;1179;
J;2010III;левове;1281;
J;2010IV;левове;1263;
J;2010V;левове;1236;
J;2010VI;левове;1261;
J;2010VII;левове;1270;
J;2010VIII;левове;1266;
J;2010IX;левове;1311;
J;2010X;левове;1299;
J;2010XI;левове;1353;
J;2010XII;левове;1396;
J;2011I;левове;1511;
J;2011II;левове;1496;
J;2011III;левове;1532;
J;2011IV;левове;1640;
J;2011V;левове;1577;
J;2011VI;левове;1581;
J;2011VII;левове;1604;
J;2011VIII;левове;1622;
J;2011IX;левове;1602;
J;2011X;левове;1616;
J;2011XI;левове;1662;
J;2011XII;левове;1779;
J;2012I;левове;1564;
J;2012II;левове;1572;
J;2012III;левове;1646;
J;2012IV;левове;1671;
J;2012V;левове;1611;
J;2012VI;левове;1647;
J;2012VII;левове;1634;
J;2012VIII;левове;1597;
J;2012IX;левове;1612;
J;2012X;левове;1622;
J;2012XI;левове;1673;
J;2012XII;левове;1796;
J;2013I;левове;1744;
J;2013II;левове;1734;
J;2013III;левове;1859;
J;2013IV;левове;1743;
J;2013V;левове;1774;
J;2013VI;левове;1800;
J;2013VII;левове;1962;
J;2013VIII;левове;1814;
J;2013IX;левове;1799;
J;2013X;левове;1810;
J;2013XI;левове;1830;
J;2013XII;левове;1911;
J;2014I;левове;1814;
J;2014II;левове;1751;
J;2014III;левове;1894;
J;2014IV;левове;1870;
J;2014V;левове;1846;
J;2014VI;левове;1906;
J;2014VII;левове;1850;
J;2014VIII;левове;1824;
J;2014IX;левове;1835;
J;2014X;левове;1920;
J;2014XI;левове;1854;
J;2014XII;левове;1911;
J;2015I;левове;1992;
J;2015II;левове;1913;
J;2015III;левове;2075;
J;2015IV;левове;2012;
J;2015V;левове;1967;
J;2015VI;левове;2014;
J;2015VII;левове;2016;
J;2015VIII;левове;2006;
J;2015IX;левове;2062;
J;2015X;левове;2078;
J;2015XI;левове;2042;
J;2015XII;левове;2122;
J;2016I;левове;2144;
J;2016II;левове;2111;
J;2016III;левове;2236;
J;2016IV;левове;2213;
J;2016V;левове;2146;
J;2016VI;левове;2195;
J;2016VII;левове;2195;
J;2016VIII;левове;2200;
J;2016IX;левове;2199;
J;2016X;левове;2270;
J;2016XI;левове;2232;
J;2016XII;левове;2353;
J;2017I;левове;2451;
J;2017II;левове;2368;
J;2017III;левове;2478;
J;2017IV;левове;2424;
J;2017V;левове;2380;
J;2017VI;левове;2428;
J;2017VII;левове;2469;
J;2017VIII;левове;2401;
J;2017IX;левове;2536;
J;2017X;левове;2558;
J;2017XI;левове;2490;
J;2017XII;левове;2630;
J;2018I;левове;2562;
J;2018II;левове;2500;
J;2018III;левове;2689;
J;2018IV;левове;2703;
J;2018V;левове;2535;
J;2018VI;левове;2752;
J;2018VII;левове;2614;
J;2018VIII;левове;2628;
J;2018IX;левове;2740;
J;2018X;левове;2722;
J;2018XI;левове;2715;
J;2018XII;левове;2926;
J;2019I;левове;2882;
J;2019II;левове;2819;
J;2019III;левове;3087;
J;2019IV;левове;2965;
J;2019V;левове;2919;
J;2019VI;левове;3274;
J;2019VII;левове;3010;
J;2019VIII;левове;2921;
J;2019IX;левове;3033;
K;2008I;левове;1271;
K;2008II;левове;1099;
K;2008III;левове;1135;
K;2008IV;левове;1636;
K;2008V;левове;1068;
K;2008VI;левове;1121;
K;2008VII;левове;1173;
K;2008VIII;левове;1086;
K;2008IX;левове;1166;
K;2008X;левове;1127;
K;2008XI;левове;1193;
K;2008XII;левове;1341;
K;2009I;левове;1177;
K;2009II;левове;1129;
K;2009III;левове;1174;
K;2009IV;левове;1568;
K;2009V;левове;1158;
K;2009VI;левове;1301;
K;2009VII;левове;1190;
K;2009VIII;левове;1164;
K;2009IX;левове;1171;
K;2009X;левове;1188;
K;2009XI;левове;1289;
K;2009XII;левове;1388;
K;2010I;левове;1291;
K;2010II;левове;1240;
K;2010III;левове;1338;
K;2010IV;левове;1555;
K;2010V;левове;1267;
K;2010VI;левове;1407;
K;2010VII;левове;1317;
K;2010VIII;левове;1276;
K;2010IX;левове;1274;
K;2010X;левове;1283;
K;2010XI;левове;1408;
K;2010XII;левове;1530;
K;2011I;левове;1323;
K;2011II;левове;1217;
K;2011III;левове;1279;
K;2011IV;левове;1529;
K;2011V;левове;1254;
K;2011VI;левове;1394;
K;2011VII;левове;1370;
K;2011VIII;левове;1252;
K;2011IX;левове;1306;
K;2011X;левове;1298;
K;2011XI;левове;1384;
K;2011XII;левове;1507;
K;2012I;левове;1374;
K;2012II;левове;1286;
K;2012III;левове;1351;
K;2012IV;левове;1627;
K;2012V;левове;1369;
K;2012VI;левове;1427;
K;2012VII;левове;1390;
K;2012VIII;левове;1348;
K;2012IX;левове;1352;
K;2012X;левове;1362;
K;2012XI;левове;1474;
K;2012XII;левове;1485;
K;2013I;левове;1443;
K;2013II;левове;1438;
K;2013III;левове;1415;
K;2013IV;левове;1669;
K;2013V;левове;1386;
K;2013VI;левове;1464;
K;2013VII;левове;1426;
K;2013VIII;левове;1463;
K;2013IX;левове;1417;
K;2013X;левове;1413;
K;2013XI;левове;1521;
K;2013XII;левове;1581;
K;2014I;левове;1468;
K;2014II;левове;1434;
K;2014III;левове;1519;
K;2014IV;левове;1588;
K;2014V;левове;1647;
K;2014VI;левове;1541;
K;2014VII;левове;1538;
K;2014VIII;левове;1436;
K;2014IX;левове;1436;
K;2014X;левове;1447;
K;2014XI;левове;1544;
K;2014XII;левове;1621;
K;2015I;левове;1563;
K;2015II;левове;1512;
K;2015III;левове;1565;
K;2015IV;левове;1844;
K;2015V;левове;1498;
K;2015VI;левове;1638;
K;2015VII;левове;1583;
K;2015VIII;левове;1479;
K;2015IX;левове;1524;
K;2015X;левове;1555;
K;2015XI;левове;1692;
K;2015XII;левове;1668;
K;2016I;левове;1643;
K;2016II;левове;1594;
K;2016III;левове;1704;
K;2016IV;левове;1986;
K;2016V;левове;1641;
K;2016VI;левове;1693;
K;2016VII;левове;1646;
K;2016VIII;левове;1588;
K;2016IX;левове;1618;
K;2016X;левове;1638;
K;2016XI;левове;1709;
K;2016XII;левове;1777;
K;2017I;левове;1661;
K;2017II;левове;1674;
K;2017III;левове;1771;
K;2017IV;левове;1987;
K;2017V;левове;1794;
K;2017VI;левове;1760;
K;2017VII;левове;1794;
K;2017VIII;левове;1674;
K;2017IX;левове;1701;
K;2017X;левове;1707;
K;2017XI;левове;1821;
K;2017XII;левове;1864;
K;2018I;левове;1775;
K;2018II;левове;1722;
K;2018III;левове;1906;
K;2018IV;левове;2130;
K;2018V;левове;1755;
K;2018VI;левове;1880;
K;2018VII;левове;1846;
K;2018VIII;левове;1786;
K;2018IX;левове;1812;
K;2018X;левове;1816;
K;2018XI;левове;1937;
K;2018XII;левове;2047;
K;2019I;левове;1966;
K;2019II;левове;1928;
K;2019III;левове;2087;
K;2019IV;левове;2444;
K;2019V;левове;1986;
K;2019VI;левове;2096;
K;2019VII;левове;2024;
K;2019VIII;левове;1939;
K;2019IX;левове;1954;
L;2008I;левове;510;
L;2008II;левове;517;
L;2008III;левове;545;
L;2008IV;левове;578;
L;2008V;левове;560;
L;2008VI;левове;580;
L;2008VII;левове;558;
L;2008VIII;левове;554;
L;2008IX;левове;569;
L;2008X;левове;588;
L;2008XI;левове;601;
L;2008XII;левове;637;
L;2009I;левове;550;
L;2009II;левове;560;
L;2009III;левове;566;
L;2009IV;левове;595;
L;2009V;левове;584;
L;2009VI;левове;613;
L;2009VII;левове;609;
L;2009VIII;левове;580;
L;2009IX;левове;591;
L;2009X;левове;617;
L;2009XI;левове;636;
L;2009XII;левове;669;
L;2010I;левове;642;
L;2010II;левове;623;
L;2010III;левове;639;
L;2010IV;левове;674;
L;2010V;левове;668;
L;2010VI;левове;684;
L;2010VII;левове;697;
L;2010VIII;левове;672;
L;2010IX;левове;685;
L;2010X;левове;689;
L;2010XI;левове;693;
L;2010XII;левове;741;
L;2011I;левове;649;
L;2011II;левове;648;
L;2011III;левове;753;
L;2011IV;левове;684;
L;2011V;левове;663;
L;2011VI;левове;666;
L;2011VII;левове;672;
L;2011VIII;левове;651;
L;2011IX;левове;645;
L;2011X;левове;653;
L;2011XI;левове;666;
L;2011XII;левове;689;
L;2012I;левове;738;
L;2012II;левове;726;
L;2012III;левове;743;
L;2012IV;левове;766;
L;2012V;левове;761;
L;2012VI;левове;769;
L;2012VII;левове;754;
L;2012VIII;левове;736;
L;2012IX;левове;757;
L;2012X;левове;760;
L;2012XI;левове;760;
L;2012XII;левове;803;
L;2013I;левове;697;
L;2013II;левове;700;
L;2013III;левове;705;
L;2013IV;левове;723;
L;2013V;левове;734;
L;2013VI;левове;714;
L;2013VII;левове;709;
L;2013VIII;левове;705;
L;2013IX;левове;724;
L;2013X;левове;744;
L;2013XI;левове;753;
L;2013XII;левове;782;
L;2014I;левове;754;
L;2014II;левове;757;
L;2014III;левове;804;
L;2014IV;левове;795;
L;2014V;левове;770;
L;2014VI;левове;754;
L;2014VII;левове;762;
L;2014VIII;левове;758;
L;2014IX;левове;763;
L;2014X;левове;801;
L;2014XI;левове;819;
L;2014XII;левове;855;
L;2015I;левове;886;
L;2015II;левове;884;
L;2015III;левове;911;
L;2015IV;левове;1005;
L;2015V;левове;923;
L;2015VI;левове;930;
L;2015VII;левове;886;
L;2015VIII;левове;863;
L;2015IX;левове;870;
L;2015X;левове;929;
L;2015XI;левове;940;
L;2015XII;левове;968;
L;2016I;левове;965;
L;2016II;левове;939;
L;2016III;левове;992;
L;2016IV;левове;984;
L;2016V;левове;963;
L;2016VI;левове;972;
L;2016VII;левове;943;
L;2016VIII;левове;940;
L;2016IX;левове;952;
L;2016X;левове;963;
L;2016XI;левове;1040;
L;2016XII;левове;1094;
L;2017I;левове;997;
L;2017II;левове;995;
L;2017III;левове;1050;
L;2017IV;левове;1062;
L;2017V;левове;1057;
L;2017VI;левове;1058;
L;2017VII;левове;1069;
L;2017VIII;левове;1056;
L;2017IX;левове;1080;
L;2017X;левове;1064;
L;2017XI;левове;1097;
L;2017XII;левове;1144;
L;2018I;левове;920;
L;2018II;левове;923;
L;2018III;левове;971;
L;2018IV;левове;970;
L;2018V;левове;985;
L;2018VI;левове;977;
L;2018VII;левове;977;
L;2018VIII;левове;974;
L;2018IX;левове;976;
L;2018X;левове;974;
L;2018XI;левове;989;
L;2018XII;левове;1015;
L;2019I;левове;1097;
L;2019II;левове;1101;
L;2019III;левове;1121;
L;2019IV;левове;1163;
L;2019V;левове;1135;
L;2019VI;левове;1117;
L;2019VII;левове;1144;
L;2019VIII;левове;1138;
L;2019IX;левове;1165;
M;2008I;левове;648;
M;2008II;левове;630;
M;2008III;левове;658;
M;2008IV;левове;707;
M;2008V;левове;711;
M;2008VI;левове;726;
M;2008VII;левове;731;
M;2008VIII;левове;710;
M;2008IX;левове;748;
M;2008X;левове;721;
M;2008XI;левове;766;
M;2008XII;левове;810;
M;2009I;левове;701;
M;2009II;левове;713;
M;2009III;левове;748;
M;2009IV;левове;744;
M;2009V;левове;742;
M;2009VI;левове;734;
M;2009VII;левове;757;
M;2009VIII;левове;736;
M;2009IX;левове;733;
M;2009X;левове;759;
M;2009XI;левове;741;
M;2009XII;левове;801;
M;2010I;левове;826;
M;2010II;левове;807;
M;2010III;левове;867;
M;2010IV;левове;852;
M;2010V;левове;818;
M;2010VI;левове;835;
M;2010VII;левове;836;
M;2010VIII;левове;820;
M;2010IX;левове;828;
M;2010X;левове;858;
M;2010XI;левове;837;
M;2010XII;левове;899;
M;2011I;левове;930;
M;2011II;левове;940;
M;2011III;левове;1000;
M;2011IV;левове;1004;
M;2011V;левове;1023;
M;2011VI;левове;988;
M;2011VII;левове;1020;
M;2011VIII;левове;994;
M;2011IX;левове;1025;
M;2011X;левове;1040;
M;2011XI;левове;1036;
M;2011XII;левове;1151;
M;2012I;левове;986;
M;2012II;левове;992;
M;2012III;левове;1060;
M;2012IV;левове;1008;
M;2012V;левове;1007;
M;2012VI;левове;1022;
M;2012VII;левове;1034;
M;2012VIII;левове;1004;
M;2012IX;левове;1034;
M;2012X;левове;1039;
M;2012XI;левове;1060;
M;2012XII;левове;1106;
M;2013I;левове;1015;
M;2013II;левове;1014;
M;2013III;левове;1070;
M;2013IV;левове;1077;
M;2013V;левове;1084;
M;2013VI;левове;1107;
M;2013VII;левове;1091;
M;2013VIII;левове;1061;
M;2013IX;левове;1090;
M;2013X;левове;1074;
M;2013XI;левове;1128;
M;2013XII;левове;1171;
M;2014I;левове;1118;
M;2014II;левове;1161;
M;2014III;левове;1179;
M;2014IV;левове;1181;
M;2014V;левове;1157;
M;2014VI;левове;1181;
M;2014VII;левове;1206;
M;2014VIII;левове;1204;
M;2014IX;левове;1202;
M;2014X;левове;1185;
M;2014XI;левове;1238;
M;2014XII;левове;1264;
M;2015I;левове;1282;
M;2015II;левове;1267;
M;2015III;левове;1352;
M;2015IV;левове;1335;
M;2015V;левове;1284;
M;2015VI;левове;1329;
M;2015VII;левове;1351;
M;2015VIII;левове;1298;
M;2015IX;левове;1309;
M;2015X;левове;1318;
M;2015XI;левове;1356;
M;2015XII;левове;1389;
M;2016I;левове;1283;
M;2016II;левове;1285;
M;2016III;левове;1370;
M;2016IV;левове;1349;
M;2016V;левове;1354;
M;2016VI;левове;1362;
M;2016VII;левове;1350;
M;2016VIII;левове;1355;
M;2016IX;левове;1376;
M;2016X;левове;1395;
M;2016XI;левове;1404;
M;2016XII;левове;1445;
M;2017I;левове;1451;
M;2017II;левове;1447;
M;2017III;левове;1561;
M;2017IV;левове;1504;
M;2017V;левове;1491;
M;2017VI;левове;1553;
M;2017VII;левове;1511;
M;2017VIII;левове;1487;
M;2017IX;левове;1547;
M;2017X;левове;1537;
M;2017XI;левове;1566;
M;2017XII;левове;1622;
M;2018I;левове;1532;
M;2018II;левове;1589;
M;2018III;левове;1653;
M;2018IV;левове;1662;
M;2018V;левове;1644;
M;2018VI;левове;1677;
M;2018VII;левове;1638;
M;2018VIII;левове;1663;
M;2018IX;левове;1634;
M;2018X;левове;1681;
M;2018XI;левове;1678;
M;2018XII;левове;1693;
M;2019I;левове;1647;
M;2019II;левове;1715;
M;2019III;левове;1835;
M;2019IV;левове;1784;
M;2019V;левове;1762;
M;2019VI;левове;1736;
M;2019VII;левове;1751;
M;2019VIII;левове;1714;
M;2019IX;левове;1744;
N;2008I;левове;324;
N;2008II;левове;327;
N;2008III;левове;355;
N;2008IV;левове;340;
N;2008V;левове;347;
N;2008VI;левове;334;
N;2008VII;левове;337;
N;2008VIII;левове;357;
N;2008IX;левове;345;
N;2008X;левове;346;
N;2008XI;левове;350;
N;2008XII;левове;367;
N;2009I;левове;378;
N;2009II;левове;365;
N;2009III;левове;379;
N;2009IV;левове;389;
N;2009V;левове;392;
N;2009VI;левове;394;
N;2009VII;левове;402;
N;2009VIII;левове;408;
N;2009IX;левове;407;
N;2009X;левове;403;
N;2009XI;левове;406;
N;2009XII;левове;421;
N;2010I;левове;422;
N;2010II;левове;418;
N;2010III;левове;428;
N;2010IV;левове;431;
N;2010V;левове;430;
N;2010VI;левове;423;
N;2010VII;левове;436;
N;2010VIII;левове;427;
N;2010IX;левове;432;
N;2010X;левове;433;
N;2010XI;левове;437;
N;2010XII;левове;456;
N;2011I;левове;461;
N;2011II;левове;457;
N;2011III;левове;456;
N;2011IV;левове;505;
N;2011V;левове;467;
N;2011VI;левове;484;
N;2011VII;левове;462;
N;2011VIII;левове;457;
N;2011IX;левове;479;
N;2011X;левове;463;
N;2011XI;левове;467;
N;2011XII;левове;503;
N;2012I;левове;466;
N;2012II;левове;451;
N;2012III;левове;471;
N;2012IV;левове;496;
N;2012V;левове;492;
N;2012VI;левове;482;
N;2012VII;левове;485;
N;2012VIII;левове;483;
N;2012IX;левове;489;
N;2012X;левове;489;
N;2012XI;левове;492;
N;2012XII;левове;498;
N;2013I;левове;525;
N;2013II;левове;516;
N;2013III;левове;526;
N;2013IV;левове;527;
N;2013V;левове;540;
N;2013VI;левове;523;
N;2013VII;левове;537;
N;2013VIII;левове;531;
N;2013IX;левове;537;
N;2013X;левове;548;
N;2013XI;левове;545;
N;2013XII;левове;575;
N;2014I;левове;565;
N;2014II;левове;554;
N;2014III;левове;599;
N;2014IV;левове;601;
N;2014V;левове;594;
N;2014VI;левове;589;
N;2014VII;левове;568;
N;2014VIII;левове;571;
N;2014IX;левове;599;
N;2014X;левове;607;
N;2014XI;левове;615;
N;2014XII;левове;626;
N;2015I;левове;631;
N;2015II;левове;627;
N;2015III;левове;679;
N;2015IV;левове;677;
N;2015V;левове;662;
N;2015VI;левове;653;
N;2015VII;левове;657;
N;2015VIII;левове;662;
N;2015IX;левове;693;
N;2015X;левове;677;
N;2015XI;левове;696;
N;2015XII;левове;727;
N;2016I;левове;726;
N;2016II;левове;710;
N;2016III;левове;737;
N;2016IV;левове;735;
N;2016V;левове;753;
N;2016VI;левове;733;
N;2016VII;левове;726;
N;2016VIII;левове;727;
N;2016IX;левове;766;
N;2016X;левове;769;
N;2016XI;левове;756;
N;2016XII;левове;780;
N;2017I;левове;810;
N;2017II;левове;797;
N;2017III;левове;858;
N;2017IV;левове;862;
N;2017V;левове;852;
N;2017VI;левове;844;
N;2017VII;левове;837;
N;2017VIII;левове;835;
N;2017IX;левове;866;
N;2017X;левове;858;
N;2017XI;левове;877;
N;2017XII;левове;933;
N;2018I;левове;873;
N;2018II;левове;846;
N;2018III;левове;902;
N;2018IV;левове;923;
N;2018V;левове;909;
N;2018VI;левове;882;
N;2018VII;левове;872;
N;2018VIII;левове;870;
N;2018IX;левове;901;
N;2018X;левове;905;
N;2018XI;левове;895;
N;2018XII;левове;974;
N;2019I;левове;967;
N;2019II;левове;956;
N;2019III;левове;1030;
N;2019IV;левове;1015;
N;2019V;левове;1012;
N;2019VI;левове;997;
N;2019VII;левове;1013;
N;2019VIII;левове;978;
N;2019IX;левове;1005;
O;2008I;левове;581;
O;2008II;левове;588;
O;2008III;левове;642;
O;2008IV;левове;662;
O;2008V;левове;628;
O;2008VI;левове;760;
O;2008VII;левове;698;
O;2008VIII;левове;714;
O;2008IX;левове;696;
O;2008X;левове;846;
O;2008XI;левове;799;
O;2008XII;левове;826;
O;2009I;левове;688;
O;2009II;левове;703;
O;2009III;левове;807;
O;2009IV;левове;813;
O;2009V;левове;800;
O;2009VI;левове;806;
O;2009VII;левове;788;
O;2009VIII;левове;777;
O;2009IX;левове;736;
O;2009X;левове;768;
O;2009XI;левове;824;
O;2009XII;левове;809;
O;2010I;левове;750;
O;2010II;левове;834;
O;2010III;левове;804;
O;2010IV;левове;791;
O;2010V;левове;850;
O;2010VI;левове;792;
O;2010VII;левове;830;
O;2010VIII;левове;831;
O;2010IX;левове;788;
O;2010X;левове;836;
O;2010XI;левове;898;
O;2010XII;левове;873;
O;2011I;левове;792;
O;2011II;левове;847;
O;2011III;левове;815;
O;2011IV;левове;862;
O;2011V;левове;889;
O;2011VI;левове;820;
O;2011VII;левове;883;
O;2011VIII;левове;878;
O;2011IX;левове;821;
O;2011X;левове;866;
O;2011XI;левове;966;
O;2011XII;левове;941;
O;2012I;левове;805;
O;2012II;левове;914;
O;2012III;левове;855;
O;2012IV;левове;844;
O;2012V;левове;898;
O;2012VI;левове;849;
O;2012VII;левове;906;
O;2012VIII;левове;930;
O;2012IX;левове;852;
O;2012X;левове;1104;
O;2012XI;левове;855;
O;2012XII;левове;875;
O;2013I;левове;1026;
O;2013II;левове;864;
O;2013III;левове;854;
O;2013IV;левове;1087;
O;2013V;левове;880;
O;2013VI;левове;867;
O;2013VII;левове;1071;
O;2013VIII;левове;864;
O;2013IX;левове;870;
O;2013X;левове;1166;
O;2013XI;левове;873;
O;2013XII;левове;892;
O;2014I;левове;1087;
O;2014II;левове;876;
O;2014III;левове;892;
O;2014IV;левове;1134;
O;2014V;левове;908;
O;2014VI;левове;895;
O;2014VII;левове;1128;
O;2014VIII;левове;896;
O;2014IX;левове;894;
O;2014X;левове;1190;
O;2014XI;левове;904;
O;2014XII;левове;934;
O;2015I;левове;1096;
O;2015II;левове;906;
O;2015III;левове;912;
O;2015IV;левове;1121;
O;2015V;левове;918;
O;2015VI;левове;917;
O;2015VII;левове;1135;
O;2015VIII;левове;921;
O;2015IX;левове;922;
O;2015X;левове;1206;
O;2015XI;левове;961;
O;2015XII;левове;981;
O;2016I;левове;1179;
O;2016II;левове;970;
O;2016III;левове;978;
O;2016IV;левове;1228;
O;2016V;левове;985;
O;2016VI;левове;985;
O;2016VII;левове;1291;
O;2016VIII;левове;991;
O;2016IX;левове;990;
O;2016X;левове;1329;
O;2016XI;левове;1013;
O;2016XII;левове;1062;
O;2017I;левове;1271;
O;2017II;левове;1024;
O;2017III;левове;1050;
O;2017IV;левове;1337;
O;2017V;левове;1055;
O;2017VI;левове;1064;
O;2017VII;левове;1344;
O;2017VIII;левове;1049;
O;2017IX;левове;1072;
O;2017X;левове;1436;
O;2017XI;левове;1081;
O;2017XII;левове;1139;
O;2018I;левове;1365;
O;2018II;левове;1103;
O;2018III;левове;1147;
O;2018IV;левове;1458;
O;2018V;левове;1139;
O;2018VI;левове;1173;
O;2018VII;левове;1484;
O;2018VIII;левове;1149;
O;2018IX;левове;1157;
O;2018X;левове;1566;
O;2018XI;левове;1163;
O;2018XII;левове;1215;
O;2019I;левове;1457;
O;2019II;левове;1279;
O;2019III;левове;1330;
O;2019IV;левове;1621;
O;2019V;левове;1290;
O;2019VI;левове;1288;
O;2019VII;левове;1618;
O;2019VIII;левове;1279;
O;2019IX;левове;1284;
P;2008I;левове;484;
P;2008II;левове;489;
P;2008III;левове;496;
P;2008IV;левове;507;
P;2008V;левове;529;
P;2008VI;левове;503;
P;2008VII;левове;538;
P;2008VIII;левове;539;
P;2008IX;левове;695;
P;2008X;левове;631;
P;2008XI;левове;616;
P;2008XII;левове;664;
P;2009I;левове;589;
P;2009II;левове;594;
P;2009III;левове;605;
P;2009IV;левове;619;
P;2009V;левове;661;
P;2009VI;левове;614;
P;2009VII;левове;601;
P;2009VIII;левове;592;
P;2009IX;левове;756;
P;2009X;левове;693;
P;2009XI;левове;637;
P;2009XII;левове;738;
P;2010I;левове;654;
P;2010II;левове;637;
P;2010III;левове;645;
P;2010IV;левове;652;
P;2010V;левове;714;
P;2010VI;левове;654;
P;2010VII;левове;647;
P;2010VIII;левове;637;
P;2010IX;левове;728;
P;2010X;левове;739;
P;2010XI;левове;732;
P;2010XII;левове;794;
P;2011I;левове;647;
P;2011II;левове;649;
P;2011III;левове;659;
P;2011IV;левове;668;
P;2011V;левове;743;
P;2011VI;левове;665;
P;2011VII;левове;667;
P;2011VIII;левове;655;
P;2011IX;левове;745;
P;2011X;левове;776;
P;2011XI;левове;746;
P;2011XII;левове;818;
P;2012I;левове;657;
P;2012II;левове;656;
P;2012III;левове;672;
P;2012IV;левове;691;
P;2012V;левове;770;
P;2012VI;левове;689;
P;2012VII;левове;684;
P;2012VIII;левове;677;
P;2012IX;левове;741;
P;2012X;левове;808;
P;2012XI;левове;755;
P;2012XII;левове;847;
P;2013I;левове;690;
P;2013II;левове;709;
P;2013III;левове;767;
P;2013IV;левове;771;
P;2013V;левове;809;
P;2013VI;левове;746;
P;2013VII;левове;746;
P;2013VIII;левове;735;
P;2013IX;левове;808;
P;2013X;левове;866;
P;2013XI;левове;826;
P;2013XII;левове;933;
P;2014I;левове;750;
P;2014II;левове;746;
P;2014III;левове;758;
P;2014IV;левове;788;
P;2014V;левове;850;
P;2014VI;левове;774;
P;2014VII;левове;761;
P;2014VIII;левове;748;
P;2014IX;левове;834;
P;2014X;левове;896;
P;2014XI;левове;836;
P;2014XII;левове;958;
P;2015I;левове;786;
P;2015II;левове;778;
P;2015III;левове;790;
P;2015IV;левове;829;
P;2015V;левове;883;
P;2015VI;левове;796;
P;2015VII;левове;797;
P;2015VIII;левове;790;
P;2015IX;левове;860;
P;2015X;левове;922;
P;2015XI;левове;914;
P;2015XII;левове;1039;
P;2016I;левове;833;
P;2016II;левове;830;
P;2016III;левове;844;
P;2016IV;левове;878;
P;2016V;левове;939;
P;2016VI;левове;853;
P;2016VII;левове;848;
P;2016VIII;левове;835;
P;2016IX;левове;917;
P;2016X;левове;979;
P;2016XI;левове;911;
P;2016XII;левове;1044;
P;2017I;левове;875;
P;2017II;левове;923;
P;2017III;левове;958;
P;2017IV;левове;961;
P;2017V;левове;1028;
P;2017VI;левове;943;
P;2017VII;левове;943;
P;2017VIII;левове;917;
P;2017IX;левове;1045;
P;2017X;левове;1176;
P;2017XI;левове;1087;
P;2017XII;левове;1220;
P;2018I;левове;1027;
P;2018II;левове;1028;
P;2018III;левове;1045;
P;2018IV;левове;1080;
P;2018V;левове;1157;
P;2018VI;левове;1066;
P;2018VII;левове;1054;
P;2018VIII;левове;1033;
P;2018IX;левове;1130;
P;2018X;левове;1233;
P;2018XI;левове;1139;
P;2018XII;левове;1289;
P;2019I;левове;1145;
P;2019II;левове;1203;
P;2019III;левове;1210;
P;2019IV;левове;1255;
P;2019V;левове;1332;
P;2019VI;левове;1229;
P;2019VII;левове;1215;
P;2019VIII;левове;1185;
P;2019IX;левове;1323;
Q;2008I;левове;482;
Q;2008II;левове;498;
Q;2008III;левове;521;
Q;2008IV;левове;557;
Q;2008V;левове;553;
Q;2008VI;левове;552;
Q;2008VII;левове;568;
Q;2008VIII;левове;562;
Q;2008IX;левове;591;
Q;2008X;левове;613;
Q;2008XI;левове;638;
Q;2008XII;левове;655;
Q;2009I;левове;610;
Q;2009II;левове;625;
Q;2009III;левове;649;
Q;2009IV;левове;651;
Q;2009V;левове;648;
Q;2009VI;левове;656;
Q;2009VII;левове;647;
Q;2009VIII;левове;633;
Q;2009IX;левове;654;
Q;2009X;левове;664;
Q;2009XI;левове;678;
Q;2009XII;левове;697;
Q;2010I;левове;666;
Q;2010II;левове;661;
Q;2010III;левове;682;
Q;2010IV;левове;702;
Q;2010V;левове;692;
Q;2010VI;левове;680;
Q;2010VII;левове;689;
Q;2010VIII;левове;651;
Q;2010IX;левове;670;
Q;2010X;левове;699;
Q;2010XI;левове;729;
Q;2010XII;левове;716;
Q;2011I;левове;671;
Q;2011II;левове;653;
Q;2011III;левове;687;
Q;2011IV;левове;719;
Q;2011V;левове;691;
Q;2011VI;левове;684;
Q;2011VII;левове;694;
Q;2011VIII;левове;675;
Q;2011IX;левове;697;
Q;2011X;левове;704;
Q;2011XI;левове;729;
Q;2011XII;левове;743;
Q;2012I;левове;709;
Q;2012II;левове;711;
Q;2012III;левове;727;
Q;2012IV;левове;756;
Q;2012V;левове;751;
Q;2012VI;левове;737;
Q;2012VII;левове;744;
Q;2012VIII;левове;737;
Q;2012IX;левове;748;
Q;2012X;левове;771;
Q;2012XI;левове;786;
Q;2012XII;левове;804;
Q;2013I;левове;770;
Q;2013II;левове;756;
Q;2013III;левове;797;
Q;2013IV;левове;813;
Q;2013V;левове;813;
Q;2013VI;левове;794;
Q;2013VII;левове;799;
Q;2013VIII;левове;788;
Q;2013IX;левове;809;
Q;2013X;левове;838;
Q;2013XI;левове;858;
Q;2013XII;левове;860;
Q;2014I;левове;823;
Q;2014II;левове;824;
Q;2014III;левове;858;
Q;2014IV;левове;890;
Q;2014V;левове;859;
Q;2014VI;левове;849;
Q;2014VII;левове;861;
Q;2014VIII;левове;844;
Q;2014IX;левове;860;
Q;2014X;левове;867;
Q;2014XI;левове;912;
Q;2014XII;левове;907;
Q;2015I;левове;889;
Q;2015II;левове;874;
Q;2015III;левове;936;
Q;2015IV;левове;945;
Q;2015V;левове;927;
Q;2015VI;левове;901;
Q;2015VII;левове;915;
Q;2015VIII;левове;900;
Q;2015IX;левове;912;
Q;2015X;левове;938;
Q;2015XI;левове;965;
Q;2015XII;левове;987;
Q;2016I;левове;948;
Q;2016II;левове;949;
Q;2016III;левове;983;
Q;2016IV;левове;1010;
Q;2016V;левове;1016;
Q;2016VI;левове;993;
Q;2016VII;левове;995;
Q;2016VIII;левове;981;
Q;2016IX;левове;995;
Q;2016X;левове;1009;
Q;2016XI;левове;1036;
Q;2016XII;левове;1062;
Q;2017I;левове;989;
Q;2017II;левове;999;
Q;2017III;левове;1040;
Q;2017IV;левове;1089;
Q;2017V;левове;1067;
Q;2017VI;левове;1069;
Q;2017VII;левове;1061;
Q;2017VIII;левове;1053;
Q;2017IX;левове;1094;
Q;2017X;левове;1086;
Q;2017XI;левове;1109;
Q;2017XII;левове;1137;
Q;2018I;левове;1096;
Q;2018II;левове;1087;
Q;2018III;левове;1118;
Q;2018IV;левове;1161;
Q;2018V;левове;1147;
Q;2018VI;левове;1139;
Q;2018VII;левове;1148;
Q;2018VIII;левове;1154;
Q;2018IX;левове;1162;
Q;2018X;левове;1172;
Q;2018XI;левове;1195;
Q;2018XII;левове;1247;
Q;2019I;левове;1201;
Q;2019II;левове;1218;
Q;2019III;левове;1258;
Q;2019IV;левове;1298;
Q;2019V;левове;1279;
Q;2019VI;левове;1282;
Q;2019VII;левове;1281;
Q;2019VIII;левове;1274;
Q;2019IX;левове;1297;
R;2008I;левове;427;
R;2008II;левове;434;
R;2008III;левове;438;
R;2008IV;левове;457;
R;2008V;левове;472;
R;2008VI;левове;460;
R;2008VII;левове;429;
R;2008VIII;левове;447;
R;2008IX;левове;476;
R;2008X;левове;469;
R;2008XI;левове;488;
R;2008XII;левове;498;
R;2009I;левове;513;
R;2009II;левове;501;
R;2009III;левове;522;
R;2009IV;левове;537;
R;2009V;левове;552;
R;2009VI;левове;522;
R;2009VII;левове;542;
R;2009VIII;левове;544;
R;2009IX;левове;549;
R;2009X;левове;542;
R;2009XI;левове;543;
R;2009XII;левове;556;
R;2010I;левове;532;
R;2010II;левове;524;
R;2010III;левове;537;
R;2010IV;левове;547;
R;2010V;левове;543;
R;2010VI;левове;534;
R;2010VII;левове;513;
R;2010VIII;левове;522;
R;2010IX;левове;548;
R;2010X;левове;576;
R;2010XI;левове;578;
R;2010XII;левове;589;
R;2011I;левове;642;
R;2011II;левове;636;
R;2011III;левове;664;
R;2011IV;левове;678;
R;2011V;левове;685;
R;2011VI;левове;631;
R;2011VII;левове;639;
R;2011VIII;левове;596;
R;2011IX;левове;601;
R;2011X;левове;600;
R;2011XI;левове;607;
R;2011XII;левове;613;
R;2012I;левове;595;
R;2012II;левове;592;
R;2012III;левове;637;
R;2012IV;левове;629;
R;2012V;левове;664;
R;2012VI;левове;631;
R;2012VII;левове;643;
R;2012VIII;левове;608;
R;2012IX;левове;634;
R;2012X;левове;644;
R;2012XI;левове;676;
R;2012XII;левове;710;
R;2013I;левове;692;
R;2013II;левове;675;
R;2013III;левове;722;
R;2013IV;левове;703;
R;2013V;левове;695;
R;2013VI;левове;604;
R;2013VII;левове;610;
R;2013VIII;левове;630;
R;2013IX;левове;666;
R;2013X;левове;703;
R;2013XI;левове;732;
R;2013XII;левове;746;
R;2014I;левове;717;
R;2014II;левове;670;
R;2014III;левове;722;
R;2014IV;левове;695;
R;2014V;левове;680;
R;2014VI;левове;650;
R;2014VII;левове;673;
R;2014VIII;левове;672;
R;2014IX;левове;665;
R;2014X;левове;771;
R;2014XI;левове;721;
R;2014XII;левове;767;
R;2015I;левове;712;
R;2015II;левове;705;
R;2015III;левове;763;
R;2015IV;левове;742;
R;2015V;левове;737;
R;2015VI;левове;716;
R;2015VII;левове;743;
R;2015VIII;левове;715;
R;2015IX;левове;769;
R;2015X;левове;744;
R;2015XI;левове;745;
R;2015XII;левове;783;
R;2016I;левове;740;
R;2016II;левове;768;
R;2016III;левове;784;
R;2016IV;левове;804;
R;2016V;левове;782;
R;2016VI;левове;755;
R;2016VII;левове;841;
R;2016VIII;левове;774;
R;2016IX;левове;812;
R;2016X;левове;874;
R;2016XI;левове;828;
R;2016XII;левове;895;
R;2017I;левове;865;
R;2017II;левове;847;
R;2017III;левове;880;
R;2017IV;левове;898;
R;2017V;левове;883;
R;2017VI;левове;841;
R;2017VII;левове;875;
R;2017VIII;левове;832;
R;2017IX;левове;984;
R;2017X;левове;938;
R;2017XI;левове;952;
R;2017XII;левове;978;
R;2018I;левове;933;
R;2018II;левове;927;
R;2018III;левове;965;
R;2018IV;левове;1020;
R;2018V;левове;971;
R;2018VI;левове;989;
R;2018VII;левове;1026;
R;2018VIII;левове;990;
R;2018IX;левове;1032;
R;2018X;левове;995;
R;2018XI;левове;1038;
R;2018XII;левове;1053;
R;2019I;левове;1043;
R;2019II;левове;1036;
R;2019III;левове;1070;
R;2019IV;левове;1123;
R;2019V;левове;1094;
R;2019VI;левове;1056;
R;2019VII;левове;1192;
R;2019VIII;левове;1089;
R;2019IX;левове;1130;
S;2008I;левове;390;
S;2008II;левове;392;
S;2008III;левове;493;
S;2008IV;левове;411;
S;2008V;левове;413;
S;2008VI;левове;455;
S;2008VII;левове;369;
S;2008VIII;левове;372;
S;2008IX;левове;408;
S;2008X;левове;375;
S;2008XI;левове;376;
S;2008XII;левове;424;
S;2009I;левове;414;
S;2009II;левове;413;
S;2009III;левове;421;
S;2009IV;левове;430;
S;2009V;левове;438;
S;2009VI;левове;435;
S;2009VII;левове;438;
S;2009VIII;левове;439;
S;2009IX;левове;443;
S;2009X;левове;440;
S;2009XI;левове;452;
S;2009XII;левове;477;
S;2010I;левове;471;
S;2010II;левове;469;
S;2010III;левове;489;
S;2010IV;левове;480;
S;2010V;левове;484;
S;2010VI;левове;483;
S;2010VII;левове;480;
S;2010VIII;левове;481;
S;2010IX;левове;483;
S;2010X;левове;487;
S;2010XI;левове;510;
S;2010XII;левове;562;
S;2011I;левове;483;
S;2011II;левове;475;
S;2011III;левове;474;
S;2011IV;левове;479;
S;2011V;левове;472;
S;2011VI;левове;468;
S;2011VII;левове;465;
S;2011VIII;левове;466;
S;2011IX;левове;471;
S;2011X;левове;472;
S;2011XI;левове;478;
S;2011XII;левове;493;
S;2012I;левове;518;
S;2012II;левове;526;
S;2012III;левове;553;
S;2012IV;левове;541;
S;2012V;левове;542;
S;2012VI;левове;547;
S;2012VII;левове;532;
S;2012VIII;левове;535;
S;2012IX;левове;548;
S;2012X;левове;541;
S;2012XI;левове;552;
S;2012XII;левове;576;
S;2013I;левове;505;
S;2013II;левове;544;
S;2013III;левове;524;
S;2013IV;левове;550;
S;2013V;левове;541;
S;2013VI;левове;541;
S;2013VII;левове;528;
S;2013VIII;левове;520;
S;2013IX;левове;536;
S;2013X;левове;530;
S;2013XI;левове;549;
S;2013XII;левове;567;
S;2014I;левове;542;
S;2014II;левове;545;
S;2014III;левове;559;
S;2014IV;левове;569;
S;2014V;левове;565;
S;2014VI;левове;559;
S;2014VII;левове;567;
S;2014VIII;левове;565;
S;2014IX;левове;577;
S;2014X;левове;593;
S;2014XI;левове;585;
S;2014XII;левове;597;
S;2015I;левове;587;
S;2015II;левове;605;
S;2015III;левове;599;
S;2015IV;левове;610;
S;2015V;левове;606;
S;2015VI;левове;591;
S;2015VII;левове;602;
S;2015VIII;левове;592;
S;2015IX;левове;610;
S;2015X;левове;611;
S;2015XI;левове;614;
S;2015XII;левове;648;
S;2016I;левове;638;
S;2016II;левове;630;
S;2016III;левове;644;
S;2016IV;левове;671;
S;2016V;левове;656;
S;2016VI;левове;643;
S;2016VII;левове;643;
S;2016VIII;левове;636;
S;2016IX;левове;652;
S;2016X;левове;651;
S;2016XI;левове;666;
S;2016XII;левове;707;
S;2017I;левове;704;
S;2017II;левове;704;
S;2017III;левове;724;
S;2017IV;левове;726;
S;2017V;левове;695;
S;2017VI;левове;696;
S;2017VII;левове;708;
S;2017VIII;левове;688;
S;2017IX;левове;740;
S;2017X;левове;713;
S;2017XI;левове;734;
S;2017XII;левове;798;
S;2018I;левове;762;
S;2018II;левове;767;
S;2018III;левове;775;
S;2018IV;левове;796;
S;2018V;левове;781;
S;2018VI;левове;788;
S;2018VII;левове;783;
S;2018VIII;левове;783;
S;2018IX;левове;800;
S;2018X;левове;810;
S;2018XI;левове;826;
S;2018XII;левове;863;
S;2019I;левове;883;
S;2019II;левове;892;
S;2019III;левове;919;
S;2019IV;левове;929;
S;2019V;левове;916;
S;2019VI;левове;927;
S;2019VII;левове;916;
S;2019VIII;левове;897;
S;2019IX;левове;924;
