"oblast","obshtina","godina","naeti","godzaplata"
"Видин","total","2011","18322","5532"
"Видин","Белоградчик","2011","1062","5258"
"Видин","Бойница","2011","184","4692"
"Видин","Брегово","2011","803","4338"
"Видин","Видин","2011","13280","5703"
"Видин","Грамада","2011","392","5468"
"Видин","Димово","2011","682","4796"
"Видин","Кула","2011","769","6461"
"Видин","Макреш","2011","167","4264"
"Видин","Ново село","2011","291","4813"
"Видин","Ружинци","2011","397","4471"
"Видин","Чупрене","2011","295","4863"
"Враца","total","2011","41118","8657"
"Враца","Борован","2011","534","4812"
"Враца","Бяла Слатина","2011","3809","5319"
"Враца","Враца","2011","19257","6215"
"Враца","Козлодуй","2011","9032","18330"
"Враца","Криводол","2011","847","5451"
"Враца","Мездра","2011","3643","5600"
"Враца","Мизия","2011","1255","5222"
"Враца","Оряхово","2011","1353","6329"
"Враца","Роман","2011","938","5227"
"Враца","Хайредин","2011","450","5105"
"Ловеч","total","2011","34597","6184"
"Ловеч","Априлци","2011","764","5133"
"Ловеч","Летница","2011","840","5054"
"Ловеч","Ловеч","2011","14793","6601"
"Ловеч","Луковит","2011","2722","5746"
"Ловеч","Тетевен","2011","3555","5255"
"Ловеч","Троян","2011","9880","6001"
"Ловеч","Угърчин","2011","880","4938"
"Ловеч","Ябланица","2011","1163","8723"
"Монтана","total","2011","28731","6289"
"Монтана","Берковица","2011","3574","5892"
"Монтана","Бойчиновци","2011","848","5994"
"Монтана","Брусарци","2011","411","4672"
"Монтана","Вълчедръм","2011","906","4828"
"Монтана","Вършец","2011","1245","4989"
"Монтана","Георги Дамяново","2011","514","4906"
"Монтана","Лом","2011","5393","6292"
"Монтана","Медковец","2011","406","5103"
"Монтана","Монтана","2011","14423","6820"
"Монтана","Чипровци","2011","530","4574"
"Монтана","Якимово","2011","481","5791"
"Плевен","total","2011","62256","6308"
"Плевен","Белене","2011","1814","7989"
"Плевен","Гулянци","2011","1082","5591"
"Плевен","Долна Митрополия","2011","2220","5847"
"Плевен","Долни Дъбник","2011","1859","6453"
"Плевен","Искър","2011","938","4322"
"Плевен","Кнежа","2011","2369","5848"
"Плевен","Левски","2011","3406","5908"
"Плевен","Никопол","2011","1353","5727"
"Плевен","Плевен","2011","42087","6481"
"Плевен","Пордим","2011","957","6039"
"Плевен","Червен бряг","2011","4171","5491"
"Велико Търново","total","2011","69215","6488"
"Велико Търново","Велико Търново","2011","31799","7014"
"Велико Търново","Горна Оряховица","2011","12340","6213"
"Велико Търново","Елена","2011","1872","5115"
"Велико Търново","Златарица","2011","490","4924"
"Велико Търново","Лясковец","2011","4488","6161"
"Велико Търново","Павликени","2011","4605","5996"
"Велико Търново","Полски Тръмбеш","2011","1748","5445"
"Велико Търново","Свищов","2011","9086","6279"
"Велико Търново","Стражица","2011","2403","5773"
"Велико Търново","Сухиндол","2011","384","4570"
"Габрово","total","2011","39810","6827"
"Габрово","Габрово","2011","21475","6379"
"Габрово","Дряново","2011","2332","6281"
"Габрово","Севлиево","2011","13161","8014"
"Габрово","Трявна","2011","2842","5160"
"Разград","total","2011","26538","6488"
"Разград","Завет","2011","1347","5543"
"Разград","Исперих","2011","4399","6162"
"Разград","Кубрат","2011","2465","5399"
"Разград","Лозница","2011","883","5736"
"Разград","Разград","2011","15409","6971"
"Разград","Самуил","2011","1285","6185"
"Разград","Цар Калоян","2011","750","5170"
"Русе","total","2011","70693","6783"
"Русе","Борово","2011","770","6159"
"Русе","Бяла","2011","3160","5693"
"Русе","Ветово","2011","2542","7283"
"Русе","Две могили","2011","1310","5669"
"Русе","Иваново","2011","956","6031"
"Русе","Русе","2011","59677","6880"
"Русе","Сливо поле","2011","1683","6731"
"Русе","Ценово","2011","595","5320"
"Силистра","total","2011","21457","6059"
"Силистра","Алфатар","2011","596","4787"
"Силистра","Главиница","2011","967","6180"
"Силистра","Дулово","2011","3075","5263"
"Силистра","Кайнарджа","2011","439","5816"
"Силистра","Силистра","2011","13129","6394"
"Силистра","Ситово","2011","803","6271"
"Силистра","Тутракан","2011","2448","5495"
"Варна","total","2011","149361","8144"
"Варна","Аврен","2011","1224","7182"
"Варна","Аксаково","2011","2697","10646"
"Варна","Белослав","2011","2328","9145"
"Варна","Бяла","2011","897","6014"
"Варна","Варна","2011","126965","8071"
"Варна","Ветрино","2011","718","5699"
"Варна","Вълчи дол","2011","1523","6612"
"Варна","Девня","2011","5523","12043"
"Варна","Долни чифлик","2011","1949","5941"
"Варна","Дългопол","2011","1576","5665"
"Варна","Провадия","2011","3254","6447"
"Варна","Суворово","2011","707","7213"
"Добрич","total","2011","43448","6394"
"Добрич","Балчик","2011","6628","6679"
"Добрич","Генерал Тошево","2011","3144","6000"
"Добрич","Добрич-селска","2011","2770","7015"
"Добрич","Добрич","2011","23137","6233"
"Добрич","Каварна","2011","3436","7140"
"Добрич","Крушари","2011","505","5738"
"Добрич","Тервел","2011","2833","6022"
"Добрич","Шабла","2011","995","6524"
"Търговище","total","2011","27764","5913"
"Търговище","Антоново","2011","630","4949"
"Търговище","Омуртаг","2011","2673","5229"
"Търговище","Опака","2011","762","4931"
"Търговище","Попово","2011","6148","5415"
"Търговище","Търговище","2011","17551","6269"
"Шумен","total","2011","42595","6499"
"Шумен","Велики Преслав","2011","2688","5482"
"Шумен","Венец","2011","750","5424"
"Шумен","Върбица","2011","822","5217"
"Шумен","Каолиново","2011","1080","4709"
"Шумен","Каспичан","2011","2079","7577"
"Шумен","Никола Козлево","2011","583","5512"
"Шумен","Нови пазар","2011","3061","5900"
"Шумен","Смядово","2011","650","5442"
"Шумен","Хитрино","2011","656","5493"
"Шумен","Шумен","2011","30226","6765"
"Бургас","total","2011","118975","7359"
"Бургас","Айтос","2011","3568","5550"
"Бургас","Бургас","2011","72163","8263"
"Бургас","Камено","2011","1351","6596"
"Бургас","Карнобат","2011","7723","6721"
"Бургас","Малко Търново","2011","536","6673"
"Бургас","Несебър","2011","14304","5849"
"Бургас","Поморие","2011","5365","5972"
"Бургас","Приморско","2011","2283","4808"
"Бургас","Руен","2011","2888","4895"
"Бургас","Созопол","2011","3152","5380"
"Бургас","Средец","2011","2286","8039"
"Бургас","Сунгурларе","2011","1406","5811"
"Бургас","Царево","2011","1950","5564"
"Сливен","total","2011","38376","6191"
"Сливен","Котел","2011","1740","5838"
"Сливен","Нова Загора","2011","6202","6048"
"Сливен","Сливен","2011","28722","6285"
"Сливен","Твърдица","2011","1712","5495"
"Стара Загора","total","2011","106133","8512"
"Стара Загора","Братя Даскалови","2011","1237","5419"
"Стара Загора","Гурково","2011","1073","7579"
"Стара Загора","Гълъбово","2011","7889","14976"
"Стара Загора","Казанлък","2011","23536","6672"
"Стара Загора","Мъглиж","2011","1236","6915"
"Стара Загора","Николаево","2011","368","6096"
"Стара Загора","Опан","2011","400","5572"
"Стара Загора","Павел баня","2011","2102","6514"
"Стара Загора","Раднево","2011","12813","15636"
"Стара Загора","Стара Загора","2011","52068","6970"
"Стара Загора","Чирпан","2011","3411","6587"
"Ямбол","total","2011","30615","6343"
"Ямбол","Болярово","2011","800","5679"
"Ямбол","Елхово","2011","2337","5975"
"Ямбол","Стралджа","2011","1780","5767"
"Ямбол","Тунджа","2011","2863","6867"
"Ямбол","Ямбол","2011","22835","6384"
"Благоевград","total","2011","88086","5990"
"Благоевград","Банско","2011","4848","5746"
"Благоевград","Белица","2011","1022","4700"
"Благоевград","Благоевград","2011","27050","7440"
"Благоевград","Гоце Делчев","2011","11223","5781"
"Благоевград","Гърмен","2011","1341","4970"
"Благоевград","Кресна","2011","1266","4858"
"Благоевград","Петрич","2011","14828","4905"
"Благоевград","Разлог","2011","5793","6655"
"Благоевград","Сандански","2011","11363","5258"
"Благоевград","Сатовча","2011","3139","4885"
"Благоевград","Симитли","2011","1889","4882"
"Благоевград","Струмяни","2011","989","4651"
"Благоевград","Хаджидимово","2011","2146","4681"
"Благоевград","Якоруда","2011","1189","4936"
"Кюстендил","total","2011","32269","6219"
"Кюстендил","Бобов дол","2011","5111","8988"
"Кюстендил","Бобошево","2011","264","4665"
"Кюстендил","Дупница","2011","10111","6059"
"Кюстендил","Кочериново","2011","649","4392"
"Кюстендил","Кюстендил","2011","13945","5653"
"Кюстендил","Невестино","2011","352","5042"
"Кюстендил","Рила","2011","763","4802"
"Кюстендил","Сапарева баня","2011","970","4566"
"Кюстендил","Трекляно","2011","104","5645"
"Перник","total","2011","28396","6080"
"Перник","Брезник","2011","909","5436"
"Перник","Земен","2011","449","4892"
"Перник","Ковачевци","2011","205","4278"
"Перник","Перник","2011","22519","6186"
"Перник","Радомир","2011","3548","6184"
"Перник","Трън","2011","766","4464"
"София","total","2011","57184","8360"
"София","Антон","2011","158","5056"
"София","Божурище","2011","1542","6778"
"София","Ботевград","2011","9470","7436"
"София","Годеч","2011","1405","7474"
"София","Горна Малина","2011","608","5501"
"София","Долна баня","2011","628","4779"
"София","Драгоман","2011","1275","6694"
"София","Елин Пелин","2011","6956","9967"
"София","Етрополе","2011","2761","5448"
"София","Златица","2011","873","5884"
"София","Ихтиман","2011","2731","7081"
"София","Копривщица","2011","415","5671"
"София","Костенец","2011","2386","5501"
"София","Костинброд","2011","5584","9503"
"София","Мирково","2011","..",".."
"София","Пирдоп","2011","2973","12743"
"София","Правец","2011","1543","6603"
"София","Самоков","2011","7922","5761"
"София","Своге","2011","3381","9032"
"София","Сливница","2011","1353","6216"
"София","Чавдар","2011","..","6430"
"София","Челопеч","2011","1180","23756"
"София (столица)","total","2011","681915","11249"
"София (столица)","Столична","2011","681915","11249"
"Кърджали","total","2011","29410","5895"
"Кърджали","Ардино","2011","1777","5404"
"Кърджали","Джебел","2011","1771","5309"
"Кърджали","Кирково","2011","2642","4919"
"Кърджали","Крумовград","2011","2061","5883"
"Кърджали","Кърджали","2011","16774","6347"
"Кърджали","Момчилград","2011","3070","5458"
"Кърджали","Черноочене","2011","1315","4543"
"Пазарджик","total","2011","61892","6368"
"Пазарджик","Батак","2011","1895","6232"
"Пазарджик","Белово","2011","1646","7091"
"Пазарджик","Брацигово","2011","1159","5031"
"Пазарджик","Велинград","2011","8719","5130"
"Пазарджик","Лесичово","2011","566","5192"
"Пазарджик","Пазарджик","2011","28575","6113"
"Пазарджик","Панагюрище","2011","7223","10794"
"Пазарджик","Пещера","2011","5983","5263"
"Пазарджик","Ракитово","2011","1731","4571"
"Пазарджик","Септември","2011","3741","5821"
"Пазарджик","Стрелча","2011","654","4965"
"Пазарджик","Сърница","2011","",""
"Пловдив","total","2011","207599","6889"
"Пловдив","Асеновград","2011","11871","5528"
"Пловдив","Брезово","2011","939","7032"
"Пловдив","Калояново","2011","1666","5863"
"Пловдив","Карлово","2011","8555","5853"
"Пловдив","Кричим","2011","1397","6304"
"Пловдив","Куклен","2011","858","5910"
"Пловдив","Лъки","2011","1107","8910"
"Пловдив","Марица","2011","8905","7935"
"Пловдив","Перущица","2011","874","5309"
"Пловдив","Пловдив","2011","139886","7203"
"Пловдив","Първомай","2011","4618","5753"
"Пловдив","Раковски","2011","6058","6932"
"Пловдив","Родопи","2011","3882","6131"
"Пловдив","Садово","2011","2253","5287"
"Пловдив","Сопот","2011","6250","5956"
"Пловдив","Стамболийски","2011","3304","6367"
"Пловдив","Съединение","2011","3158","5597"
"Пловдив","Хисаря","2011","2018","5635"
"Смолян","total","2011","31490","6122"
"Смолян","Баните","2011","791","5512"
"Смолян","Борино","2011","799","5367"
"Смолян","Девин","2011","2801","7494"
"Смолян","Доспат","2011","2068","4852"
"Смолян","Златоград","2011","3146","5233"
"Смолян","Мадан","2011","3272","6130"
"Смолян","Неделино","2011","972","4200"
"Смолян","Рудозем","2011","2227","5650"
"Смолян","Смолян","2011","12749","6271"
"Смолян","Чепеларе","2011","2665","7473"
"Хасково","total","2011","54243","5999"
"Хасково","Димитровград","2011","12797","6606"
"Хасково","Ивайловград","2011","1081","5110"
"Хасково","Любимец","2011","1386","5545"
"Хасково","Маджарово","2011","187","4995"
"Хасково","Минерални бани","2011","664","4542"
"Хасково","Свиленград","2011","5253","6017"
"Хасково","Симеоновград","2011","643","5508"
"Хасково","Стамболово","2011","726","5496"
"Хасково","Тополовград","2011","1127","5804"
"Хасково","Харманли","2011","4034","5196"
"Хасково","Хасково","2011","26345","5962"
"Видин","total","2012","17670","5855"
"Видин","Белоградчик","2012","910","5663"
"Видин","Бойница","2012","172","5258"
"Видин","Брегово","2012","721","5333"
"Видин","Видин","2012","12886","5996"
"Видин","Грамада","2012","360","5973"
"Видин","Димово","2012","669","5309"
"Видин","Кула","2012","711","6674"
"Видин","Макреш","2012","187","4293"
"Видин","Ново село","2012","324","4728"
"Видин","Ружинци","2012","430","4218"
"Видин","Чупрене","2012","300","5698"
"Враца","total","2012","40506","9231"
"Враца","Борован","2012","500","5396"
"Враца","Бяла Слатина","2012","3800","5556"
"Враца","Враца","2012","18785","6488"
"Враца","Козлодуй","2012","8957","19723"
"Враца","Криводол","2012","901","6222"
"Враца","Мездра","2012","3416","5863"
"Враца","Мизия","2012","1207","6088"
"Враца","Оряхово","2012","1270","7171"
"Враца","Роман","2012","993","5485"
"Враца","Хайредин","2012","677","5186"
"Ловеч","total","2012","34532","6509"
"Ловеч","Априлци","2012","733","5505"
"Ловеч","Летница","2012","915","5647"
"Ловеч","Ловеч","2012","14292","7017"
"Ловеч","Луковит","2012","2859","6155"
"Ловеч","Тетевен","2012","3470","5532"
"Ловеч","Троян","2012","10258","6221"
"Ловеч","Угърчин","2012","870","5283"
"Ловеч","Ябланица","2012","1135","8894"
"Монтана","total","2012","28722","6572"
"Монтана","Берковица","2012","3361","6346"
"Монтана","Бойчиновци","2012","874","6066"
"Монтана","Брусарци","2012","465","4782"
"Монтана","Вълчедръм","2012","951","5026"
"Монтана","Вършец","2012","1338","5217"
"Монтана","Георги Дамяново","2012","475","5467"
"Монтана","Лом","2012","5400","6626"
"Монтана","Медковец","2012","403","5550"
"Монтана","Монтана","2012","14263","7035"
"Монтана","Чипровци","2012","663","6179"
"Монтана","Якимово","2012","529","5933"
"Плевен","total","2012","61042","6646"
"Плевен","Белене","2012","1739","7418"
"Плевен","Гулянци","2012","1048","5882"
"Плевен","Долна Митрополия","2012","2269","6253"
"Плевен","Долни Дъбник","2012","1878","6837"
"Плевен","Искър","2012","897","4820"
"Плевен","Кнежа","2012","2307","6146"
"Плевен","Левски","2012","3492","6114"
"Плевен","Никопол","2012","1277","6342"
"Плевен","Плевен","2012","41332","6819"
"Плевен","Пордим","2012","945","6658"
"Плевен","Червен бряг","2012","3858","6097"
"Велико Търново","total","2012","67706","6742"
"Велико Търново","Велико Търново","2012","30913","7227"
"Велико Търново","Горна Оряховица","2012","11895","6579"
"Велико Търново","Елена","2012","1794","5446"
"Велико Търново","Златарица","2012","486","5257"
"Велико Търново","Лясковец","2012","4316","6451"
"Велико Търново","Павликени","2012","4630","6418"
"Велико Търново","Полски Тръмбеш","2012","1754","5635"
"Велико Търново","Свищов","2012","9023","6429"
"Велико Търново","Стражица","2012","2467","6079"
"Велико Търново","Сухиндол","2012","428","4949"
"Габрово","total","2012","39356","7399"
"Габрово","Габрово","2012","20674","6894"
"Габрово","Дряново","2012","2298","7060"
"Габрово","Севлиево","2012","13123","8699"
"Габрово","Трявна","2012","3261","5584"
"Разград","total","2012","26742","7065"
"Разград","Завет","2012","1314","6078"
"Разград","Исперих","2012","4571","6393"
"Разград","Кубрат","2012","2641","5846"
"Разград","Лозница","2012","874","5876"
"Разград","Разград","2012","15345","7726"
"Разград","Самуил","2012","1284","6783"
"Разград","Цар Калоян","2012","713","5452"
"Русе","total","2012","70007","7155"
"Русе","Борово","2012","767","6422"
"Русе","Бяла","2012","3213","6044"
"Русе","Ветово","2012","2653","7395"
"Русе","Две могили","2012","1390","5961"
"Русе","Иваново","2012","1050","6761"
"Русе","Русе","2012","58447","7260"
"Русе","Сливо поле","2012","1762","7447"
"Русе","Ценово","2012","725","5658"
"Силистра","total","2012","21313","6390"
"Силистра","Алфатар","2012","573","5121"
"Силистра","Главиница","2012","961","6370"
"Силистра","Дулово","2012","3021","5851"
"Силистра","Кайнарджа","2012","432","6224"
"Силистра","Силистра","2012","12768","6715"
"Силистра","Ситово","2012","902","5913"
"Силистра","Тутракан","2012","2656","5911"
"Варна","total","2012","149001","8562"
"Варна","Аврен","2012","917","6481"
"Варна","Аксаково","2012","3048","6722"
"Варна","Белослав","2012","2899","11165"
"Варна","Бяла","2012","986","6177"
"Варна","Варна","2012","125974","8537"
"Варна","Ветрино","2012","780","6071"
"Варна","Вълчи дол","2012","1500","7200"
"Варна","Девня","2012","5214","13101"
"Варна","Долни чифлик","2012","1926","6458"
"Варна","Дългопол","2012","1664","5967"
"Варна","Провадия","2012","2974","6957"
"Варна","Суворово","2012","1119","7496"
"Добрич","total","2012","42641","6738"
"Добрич","Балчик","2012","6337","7092"
"Добрич","Генерал Тошево","2012","3167","6174"
"Добрич","Добрич-селска","2012","3049","7608"
"Добрич","Добрич","2012","22291","6509"
"Добрич","Каварна","2012","3422","7569"
"Добрич","Крушари","2012","525","5969"
"Добрич","Тервел","2012","2871","6398"
"Добрич","Шабла","2012","979","7248"
"Търговище","total","2012","28130","6556"
"Търговище","Антоново","2012","756","4636"
"Търговище","Омуртаг","2012","2699","5472"
"Търговище","Опака","2012","756","5508"
"Търговище","Попово","2012","6162","6002"
"Търговище","Търговище","2012","17757","7038"
"Шумен","total","2012","42405","7068"
"Шумен","Велики Преслав","2012","2612","5746"
"Шумен","Венец","2012","863","5561"
"Шумен","Върбица","2012","888","5478"
"Шумен","Каолиново","2012","1095","4858"
"Шумен","Каспичан","2012","2114","7799"
"Шумен","Никола Козлево","2012","563","5864"
"Шумен","Нови пазар","2012","3181","6298"
"Шумен","Смядово","2012","676","5617"
"Шумен","Хитрино","2012","645","6083"
"Шумен","Шумен","2012","29768","7466"
"Бургас","total","2012","118885","7788"
"Бургас","Айтос","2012","3489","5825"
"Бургас","Бургас","2012","71217","8802"
"Бургас","Камено","2012","1250","6740"
"Бургас","Карнобат","2012","7386","6799"
"Бургас","Малко Търново","2012","626","6859"
"Бургас","Несебър","2012","15503","6279"
"Бургас","Поморие","2012","5514","6171"
"Бургас","Приморско","2012","2388","5544"
"Бургас","Руен","2012","2836","4998"
"Бургас","Созопол","2012","3097","5785"
"Бургас","Средец","2012","2229","8516"
"Бургас","Сунгурларе","2012","1428","6197"
"Бургас","Царево","2012","1922","5900"
"Сливен","total","2012","37817","6589"
"Сливен","Котел","2012","1777","5918"
"Сливен","Нова Загора","2012","6024","6272"
"Сливен","Сливен","2012","28425","6744"
"Сливен","Твърдица","2012","1591","5763"
"Стара Загора","total","2012","103120","9117"
"Стара Загора","Братя Даскалови","2012","1126","5852"
"Стара Загора","Гурково","2012","1115","7429"
"Стара Загора","Гълъбово","2012","7778","15305"
"Стара Загора","Казанлък","2012","22297","6824"
"Стара Загора","Мъглиж","2012","1067","7139"
"Стара Загора","Николаево","2012","391","5980"
"Стара Загора","Опан","2012","388","5897"
"Стара Загора","Павел баня","2012","2102","7391"
"Стара Загора","Раднево","2012","12522","18415"
"Стара Загора","Стара Загора","2012","50910","7291"
"Стара Загора","Чирпан","2012","3424","6817"
"Ямбол","total","2012","30005","6679"
"Ямбол","Болярово","2012","584","5113"
"Ямбол","Елхово","2012","2329","6273"
"Ямбол","Стралджа","2012","1787","6067"
"Ямбол","Тунджа","2012","3275","7086"
"Ямбол","Ямбол","2012","22030","6753"
"Благоевград","total","2012","87591","6271"
"Благоевград","Банско","2012","4591","6311"
"Благоевград","Белица","2012","1260","4926"
"Благоевград","Благоевград","2012","27260","7575"
"Благоевград","Гоце Делчев","2012","11193","6167"
"Благоевград","Гърмен","2012","1455","5302"
"Благоевград","Кресна","2012","1209","5102"
"Благоевград","Петрич","2012","14977","5246"
"Благоевград","Разлог","2012","5651","6790"
"Благоевград","Сандански","2012","10591","5727"
"Благоевград","Сатовча","2012","3175","5072"
"Благоевград","Симитли","2012","1745","5459"
"Благоевград","Струмяни","2012","1042","4714"
"Благоевград","Хаджидимово","2012","2062","5138"
"Благоевград","Якоруда","2012","1380","4365"
"Кюстендил","total","2012","31127","6444"
"Кюстендил","Бобов дол","2012","5201","8575"
"Кюстендил","Бобошево","2012","264","4758"
"Кюстендил","Дупница","2012","9453","6685"
"Кюстендил","Кочериново","2012","616","4607"
"Кюстендил","Кюстендил","2012","13449","5775"
"Кюстендил","Невестино","2012","344","5291"
"Кюстендил","Рила","2012","684","5295"
"Кюстендил","Сапарева баня","2012","1012","4770"
"Кюстендил","Трекляно","2012","104","6179"
"Перник","total","2012","28254","6392"
"Перник","Брезник","2012","1016","5601"
"Перник","Земен","2012","501","5245"
"Перник","Ковачевци","2012","225","4105"
"Перник","Перник","2012","22473","6429"
"Перник","Радомир","2012","3553","6716"
"Перник","Трън","2012","486","6193"
"София","total","2012","56900","8926"
"София","Антон","2012","167","5502"
"София","Божурище","2012","1739","6766"
"София","Ботевград","2012","9387","7784"
"София","Годеч","2012","1360","7482"
"София","Горна Малина","2012","669","5769"
"София","Долна баня","2012","567","6192"
"София","Драгоман","2012","1200","7090"
"София","Елин Пелин","2012","6782","11156"
"София","Етрополе","2012","2621","6141"
"София","Златица","2012","876","6513"
"София","Ихтиман","2012","2794","7056"
"София","Копривщица","2012","378","6189"
"София","Костенец","2012","2346","5949"
"София","Костинброд","2012","5446","10065"
"София","Мирково","2012","..",".."
"София","Пирдоп","2012","3071","14349"
"София","Правец","2012","1538","6801"
"София","Самоков","2012","7975","6194"
"София","Своге","2012","3316","9709"
"София","Сливница","2012","1293","6413"
"София","Чавдар","2012","..","6279"
"София","Челопеч","2012","1303","20447"
"София (столица)","total","2012","674504","12059"
"София (столица)","Столична","2012","674504","12059"
"Кърджали","total","2012","29757","6266"
"Кърджали","Ардино","2012","1946","5701"
"Кърджали","Джебел","2012","1817","5929"
"Кърджали","Кирково","2012","2587","5203"
"Кърджали","Крумовград","2012","2081","5992"
"Кърджали","Кърджали","2012","17145","6776"
"Кърджали","Момчилград","2012","2892","5536"
"Кърджали","Черноочене","2012","1289","4994"
"Пазарджик","total","2012","60231","6862"
"Пазарджик","Батак","2012","1763","7194"
"Пазарджик","Белово","2012","1537","7067"
"Пазарджик","Брацигово","2012","1098","5288"
"Пазарджик","Велинград","2012","8458","5633"
"Пазарджик","Лесичово","2012","617","5101"
"Пазарджик","Пазарджик","2012","27238","6526"
"Пазарджик","Панагюрище","2012","7319","11396"
"Пазарджик","Пещера","2012","5682","5729"
"Пазарджик","Ракитово","2012","1787","4974"
"Пазарджик","Септември","2012","4099","6622"
"Пазарджик","Стрелча","2012","633","5215"
"Пазарджик","Сърница","2012","",""
"Пловдив","total","2012","205876","7418"
"Пловдив","Асеновград","2012","12003","5855"
"Пловдив","Брезово","2012","940","7149"
"Пловдив","Калояново","2012","1754","5953"
"Пловдив","Карлово","2012","8704","6114"
"Пловдив","Кричим","2012","1330","6564"
"Пловдив","Куклен","2012","939","6974"
"Пловдив","Лъки","2012","1139","9233"
"Пловдив","Марица","2012","10587","7996"
"Пловдив","Перущица","2012","929","5591"
"Пловдив","Пловдив","2012","135581","7903"
"Пловдив","Първомай","2012","4797","5740"
"Пловдив","Раковски","2012","5973","7598"
"Пловдив","Родопи","2012","4235","5663"
"Пловдив","Садово","2012","2318","5584"
"Пловдив","Сопот","2012","6027","6019"
"Пловдив","Стамболийски","2012","3342","6667"
"Пловдив","Съединение","2012","3215","5951"
"Пловдив","Хисаря","2012","2063","5858"
"Смолян","total","2012","31302","6516"
"Смолян","Баните","2012","708","5503"
"Смолян","Борино","2012","750","5751"
"Смолян","Девин","2012","2638","7881"
"Смолян","Доспат","2012","2284","4992"
"Смолян","Златоград","2012","3057","5848"
"Смолян","Мадан","2012","3137","6694"
"Смолян","Неделино","2012","1156","4582"
"Смолян","Рудозем","2012","2421","5836"
"Смолян","Смолян","2012","12574","6791"
"Смолян","Чепеларе","2012","2577","7681"
"Хасково","total","2012","53576","6267"
"Хасково","Димитровград","2012","13054","6734"
"Хасково","Ивайловград","2012","1084","5575"
"Хасково","Любимец","2012","1326","5760"
"Хасково","Маджарово","2012","155","5959"
"Хасково","Минерални бани","2012","660","4613"
"Хасково","Свиленград","2012","5171","6261"
"Хасково","Симеоновград","2012","817","5583"
"Хасково","Стамболово","2012","663","5653"
"Хасково","Тополовград","2012","1297","6219"
"Хасково","Харманли","2012","4085","5554"
"Хасково","Хасково","2012","25264","6285"
"Видин","total","2013","17665","6195"
"Видин","Белоградчик","2013","980","5903"
"Видин","Бойница","2013","231","5096"
"Видин","Брегово","2013","744","5529"
"Видин","Видин","2013","12589","6334"
"Видин","Грамада","2013","371","6479"
"Видин","Димово","2013","727","5705"
"Видин","Кула","2013","772","6736"
"Видин","Макреш","2013","172","5038"
"Видин","Ново село","2013","357","5395"
"Видин","Ружинци","2013","380","5571"
"Видин","Чупрене","2013","342","5747"
"Враца","total","2013","40214","9383"
"Враца","Борован","2013","546","5744"
"Враца","Бяла Слатина","2013","3891","6074"
"Враца","Враца","2013","18122","7036"
"Враца","Козлодуй","2013","8753","19280"
"Враца","Криводол","2013","1044","6382"
"Враца","Мездра","2013","3550","6099"
"Враца","Мизия","2013","1011","5415"
"Враца","Оряхово","2013","1385","7078"
"Враца","Роман","2013","1027","5811"
"Враца","Хайредин","2013","885","5201"
"Ловеч","total","2013","34704","6940"
"Ловеч","Априлци","2013","702","6154"
"Ловеч","Летница","2013","1010","6732"
"Ловеч","Ловеч","2013","14288","7369"
"Ловеч","Луковит","2013","3042","6695"
"Ловеч","Тетевен","2013","3404","6088"
"Ловеч","Троян","2013","10146","6687"
"Ловеч","Угърчин","2013","914","5431"
"Ловеч","Ябланица","2013","1198","8789"
"Монтана","total","2013","29069","6995"
"Монтана","Берковица","2013","3262","6717"
"Монтана","Бойчиновци","2013","924","6342"
"Монтана","Брусарци","2013","479","5379"
"Монтана","Вълчедръм","2013","1000","5986"
"Монтана","Вършец","2013","1283","6340"
"Монтана","Георги Дамяново","2013","541","5685"
"Монтана","Лом","2013","5557","6895"
"Монтана","Медковец","2013","426","6063"
"Монтана","Монтана","2013","14319","7440"
"Монтана","Чипровци","2013","706","6677"
"Монтана","Якимово","2013","572","6455"
"Плевен","total","2013","61317","7046"
"Плевен","Белене","2013","1724","7392"
"Плевен","Гулянци","2013","1069","6174"
"Плевен","Долна Митрополия","2013","2303","6408"
"Плевен","Долни Дъбник","2013","1933","7338"
"Плевен","Искър","2013","817","5275"
"Плевен","Кнежа","2013","2407","6659"
"Плевен","Левски","2013","3453","6307"
"Плевен","Никопол","2013","1433","6368"
"Плевен","Плевен","2013","41213","7279"
"Плевен","Пордим","2013","991","6773"
"Плевен","Червен бряг","2013","3974","6514"
"Велико Търново","total","2013","67813","7262"
"Велико Търново","Велико Търново","2013","31255","7743"
"Велико Търново","Горна Оряховица","2013","11960","7139"
"Велико Търново","Елена","2013","1907","5910"
"Велико Търново","Златарица","2013","554","5461"
"Велико Търново","Лясковец","2013","3941","7249"
"Велико Търново","Павликени","2013","4657","6827"
"Велико Търново","Полски Тръмбеш","2013","1767","6071"
"Велико Търново","Свищов","2013","8861","6943"
"Велико Търново","Стражица","2013","2484","6428"
"Велико Търново","Сухиндол","2013","427","5355"
"Габрово","total","2013","39233","7912"
"Габрово","Габрово","2013","20484","7506"
"Габрово","Дряново","2013","2264","7712"
"Габрово","Севлиево","2013","13256","9040"
"Габрово","Трявна","2013","3229","5970"
"Разград","total","2013","27070","7533"
"Разград","Завет","2013","1208","5922"
"Разград","Исперих","2013","4915","7028"
"Разград","Кубрат","2013","2573","6220"
"Разград","Лозница","2013","922","6124"
"Разград","Разград","2013","15499","8239"
"Разград","Самуил","2013","1260","6933"
"Разград","Цар Калоян","2013","693","6011"
"Русе","total","2013","70612","7589"
"Русе","Борово","2013","788","7043"
"Русе","Бяла","2013","3190","6489"
"Русе","Ветово","2013","2543","7889"
"Русе","Две могили","2013","1418","6369"
"Русе","Иваново","2013","1071","7187"
"Русе","Русе","2013","59166","7688"
"Русе","Сливо поле","2013","1703","8017"
"Русе","Ценово","2013","733","5901"
"Силистра","total","2013","21150","6880"
"Силистра","Алфатар","2013","503","5978"
"Силистра","Главиница","2013","1029","7142"
"Силистра","Дулово","2013","3126","6237"
"Силистра","Кайнарджа","2013","453","7136"
"Силистра","Силистра","2013","12542","7161"
"Силистра","Ситово","2013","881","6201"
"Силистра","Тутракан","2013","2616","6556"
"Варна","total","2013","149368","8922"
"Варна","Аврен","2013","1034","6589"
"Варна","Аксаково","2013","3308","6981"
"Варна","Белослав","2013","2837","11186"
"Варна","Бяла","2013","959","7041"
"Варна","Варна","2013","125752","8913"
"Варна","Ветрино","2013","777","6468"
"Варна","Вълчи дол","2013","1661","7335"
"Варна","Девня","2013","5308","13525"
"Варна","Долни чифлик","2013","1951","6777"
"Варна","Дългопол","2013","1719","6206"
"Варна","Провадия","2013","3005","7299"
"Варна","Суворово","2013","1057","7943"
"Добрич","total","2013","42442","7164"
"Добрич","Балчик","2013","6709","7536"
"Добрич","Генерал Тошево","2013","3294","6389"
"Добрич","Добрич-селска","2013","2900","8196"
"Добрич","Добрич","2013","22069","6931"
"Добрич","Каварна","2013","3322","8011"
"Добрич","Крушари","2013","517","6887"
"Добрич","Тервел","2013","2702","6865"
"Добрич","Шабла","2013","929","7509"
"Търговище","total","2013","27842","7195"
"Търговище","Антоново","2013","602","5617"
"Търговище","Омуртаг","2013","2733","5813"
"Търговище","Опака","2013","751","5781"
"Търговище","Попово","2013","6008","6606"
"Търговище","Търговище","2013","17748","7718"
"Шумен","total","2013","42617","7405"
"Шумен","Велики Преслав","2013","2456","6235"
"Шумен","Венец","2013","852","5800"
"Шумен","Върбица","2013","985","5654"
"Шумен","Каолиново","2013","1182","5435"
"Шумен","Каспичан","2013","2105","8018"
"Шумен","Никола Козлево","2013","809","5798"
"Шумен","Нови пазар","2013","3481","6578"
"Шумен","Смядово","2013","733","5736"
"Шумен","Хитрино","2013","644","6478"
"Шумен","Шумен","2013","29370","7849"
"Бургас","total","2013","122348","8212"
"Бургас","Айтос","2013","3599","6274"
"Бургас","Бургас","2013","72864","9349"
"Бургас","Камено","2013","1307","7274"
"Бургас","Карнобат","2013","7583","6984"
"Бургас","Малко Търново","2013","596","7050"
"Бургас","Несебър","2013","16788","6360"
"Бургас","Поморие","2013","5547","6549"
"Бургас","Приморско","2013","2392","5784"
"Бургас","Руен","2013","2885","5616"
"Бургас","Созопол","2013","3183","6264"
"Бургас","Средец","2013","2184","8976"
"Бургас","Сунгурларе","2013","1447","6402"
"Бургас","Царево","2013","1973","6211"
"Сливен","total","2013","36868","6999"
"Сливен","Котел","2013","1819","6285"
"Сливен","Нова Загора","2013","5843","6749"
"Сливен","Сливен","2013","27755","7126"
"Сливен","Твърдица","2013","1451","6459"
"Стара Загора","total","2013","101303","9414"
"Стара Загора","Братя Даскалови","2013","1160","6268"
"Стара Загора","Гурково","2013","1154","7868"
"Стара Загора","Гълъбово","2013","7143","15333"
"Стара Загора","Казанлък","2013","22052","7204"
"Стара Загора","Мъглиж","2013","1180","7287"
"Стара Загора","Николаево","2013","424","6462"
"Стара Загора","Опан","2013","399","6663"
"Стара Загора","Павел баня","2013","2083","7631"
"Стара Загора","Раднево","2013","12203","18058"
"Стара Загора","Стара Загора","2013","50076","7823"
"Стара Загора","Чирпан","2013","3429","7543"
"Ямбол","total","2013","30294","7111"
"Ямбол","Болярово","2013","580","5755"
"Ямбол","Елхово","2013","2383","6823"
"Ямбол","Стралджа","2013","1820","6325"
"Ямбол","Тунджа","2013","3169","7413"
"Ямбол","Ямбол","2013","22342","7199"
"Благоевград","total","2013","88589","6566"
"Благоевград","Банско","2013","4794","6774"
"Благоевград","Белица","2013","1641","5042"
"Благоевград","Благоевград","2013","27449","7801"
"Благоевград","Гоце Делчев","2013","11545","6374"
"Благоевград","Гърмен","2013","1579","5766"
"Благоевград","Кресна","2013","1170","5523"
"Благоевград","Петрич","2013","15306","5502"
"Благоевград","Разлог","2013","5632","6929"
"Благоевград","Сандански","2013","10447","6070"
"Благоевград","Сатовча","2013","3060","5724"
"Благоевград","Симитли","2013","1744","5892"
"Благоевград","Струмяни","2013","917","5592"
"Благоевград","Хаджидимово","2013","2004","5566"
"Благоевград","Якоруда","2013","1301","5255"
"Кюстендил","total","2013","30696","6880"
"Кюстендил","Бобов дол","2013","4908","8866"
"Кюстендил","Бобошево","2013","257","5175"
"Кюстендил","Дупница","2013","9623","7085"
"Кюстендил","Кочериново","2013","623","5143"
"Кюстендил","Кюстендил","2013","13075","6215"
"Кюстендил","Невестино","2013","348","6150"
"Кюстендил","Рила","2013","720","6451"
"Кюстендил","Сапарева баня","2013","1043","5950"
"Кюстендил","Трекляно","2013","99","6394"
"Перник","total","2013","27239","6719"
"Перник","Брезник","2013","1051","5929"
"Перник","Земен","2013","364","7134"
"Перник","Ковачевци","2013","221","4837"
"Перник","Перник","2013","21302","6778"
"Перник","Радомир","2013","3662","6780"
"Перник","Трън","2013","639","6101"
"София","total","2013","59393","9252"
"София","Антон","2013","176","6125"
"София","Божурище","2013","1812","7012"
"София","Ботевград","2013","10515","8656"
"София","Годеч","2013","1372","8455"
"София","Горна Малина","2013","711","7337"
"София","Долна баня","2013","592","6910"
"София","Драгоман","2013","1246","7799"
"София","Елин Пелин","2013","7277","11603"
"София","Етрополе","2013","2626","6523"
"София","Златица","2013","914","6341"
"София","Ихтиман","2013","3452","7211"
"София","Копривщица","2013","391","6001"
"София","Костенец","2013","2416","6272"
"София","Костинброд","2013","5530","10581"
"София","Мирково","2013","..",".."
"София","Пирдоп","2013","3042","14801"
"София","Правец","2013","1555","7011"
"София","Самоков","2013","7977","6415"
"София","Своге","2013","3174","8764"
"София","Сливница","2013","1300","6983"
"София","Чавдар","2013","..","6809"
"София","Челопеч","2013","1206","21974"
"София (столица)","total","2013","679356","12851"
"София (столица)","Столична","2013","679356","12851"
"Кърджали","total","2013","29835","6842"
"Кърджали","Ардино","2013","2029","5883"
"Кърджали","Джебел","2013","1791","6499"
"Кърджали","Кирково","2013","2626","5700"
"Кърджали","Крумовград","2013","2053","6841"
"Кърджали","Кърджали","2013","17260","7378"
"Кърджали","Момчилград","2013","2884","6129"
"Кърджали","Черноочене","2013","1192","5460"
"Пазарджик","total","2013","59845","7264"
"Пазарджик","Батак","2013","1710","7568"
"Пазарджик","Белово","2013","1396","7280"
"Пазарджик","Брацигово","2013","1082","5479"
"Пазарджик","Велинград","2013","8182","6119"
"Пазарджик","Лесичово","2013","621","5589"
"Пазарджик","Пазарджик","2013","27360","6844"
"Пазарджик","Панагюрище","2013","7470","11804"
"Пазарджик","Пещера","2013","5646","6307"
"Пазарджик","Ракитово","2013","1749","5515"
"Пазарджик","Септември","2013","4034","6951"
"Пазарджик","Стрелча","2013","595","5569"
"Пазарджик","Сърница","2013","",""
"Пловдив","total","2013","203933","7922"
"Пловдив","Асеновград","2013","11961","6257"
"Пловдив","Брезово","2013","936","7755"
"Пловдив","Калояново","2013","1712","6938"
"Пловдив","Карлово","2013","8206","6580"
"Пловдив","Кричим","2013","1391","7185"
"Пловдив","Куклен","2013","982","7468"
"Пловдив","Лъки","2013","1140","9515"
"Пловдив","Марица","2013","11026","8502"
"Пловдив","Перущица","2013","912","6141"
"Пловдив","Пловдив","2013","134476","8369"
"Пловдив","Първомай","2013","4903","6476"
"Пловдив","Раковски","2013","5497","8131"
"Пловдив","Родопи","2013","4497","6458"
"Пловдив","Садово","2013","2237","6095"
"Пловдив","Сопот","2013","5100","6849"
"Пловдив","Стамболийски","2013","3052","7340"
"Пловдив","Съединение","2013","3779","6305"
"Пловдив","Хисаря","2013","2126","6818"
"Смолян","total","2013","32216","6800"
"Смолян","Баните","2013","670","5527"
"Смолян","Борино","2013","705","5191"
"Смолян","Девин","2013","2667","8453"
"Смолян","Доспат","2013","2418","5437"
"Смолян","Златоград","2013","3322","6202"
"Смолян","Мадан","2013","3060","6756"
"Смолян","Неделино","2013","1312","4868"
"Смолян","Рудозем","2013","2410","6207"
"Смолян","Смолян","2013","12994","7084"
"Смолян","Чепеларе","2013","2658","8013"
"Хасково","total","2013","53372","6581"
"Хасково","Димитровград","2013","12863","7009"
"Хасково","Ивайловград","2013","1170","5666"
"Хасково","Любимец","2013","1339","6528"
"Хасково","Маджарово","2013","151","6049"
"Хасково","Минерални бани","2013","699","4960"
"Хасково","Свиленград","2013","5348","6647"
"Хасково","Симеоновград","2013","922","5851"
"Хасково","Стамболово","2013","573","6472"
"Хасково","Тополовград","2013","1449","6241"
"Хасково","Харманли","2013","4098","5849"
"Хасково","Хасково","2013","24760","6610"
"Видин","total","2014","17162","6663"
"Видин","Белоградчик","2014","923","6404"
"Видин","Бойница","2014","158","6803"
"Видин","Брегово","2014","575","6423"
"Видин","Видин","2014","12850","6691"
"Видин","Грамада","2014","319","6782"
"Видин","Димово","2014","628","6480"
"Видин","Кула","2014","694","7523"
"Видин","Макреш","2014","140","6003"
"Видин","Ново село","2014","287","6191"
"Видин","Ружинци","2014","329","5863"
"Видин","Чупрене","2014","259","6499"
"Враца","total","2014","38608","9861"
"Враца","Борован","2014","496","6051"
"Враца","Бяла Слатина","2014","3530","6504"
"Враца","Враца","2014","18346","7289"
"Враца","Козлодуй","2014","8304","20273"
"Враца","Криводол","2014","942","6806"
"Враца","Мездра","2014","3372","6557"
"Враца","Мизия","2014","900","6210"
"Враца","Оряхово","2014","1226","7434"
"Враца","Роман","2014","996","6251"
"Враца","Хайредин","2014","496","6156"
"Ловеч","total","2014","33989","7487"
"Ловеч","Априлци","2014","734","6464"
"Ловеч","Летница","2014","1034","7907"
"Ловеч","Ловеч","2014","14192","7993"
"Ловеч","Луковит","2014","2861","6989"
"Ловеч","Тетевен","2014","3251","6350"
"Ловеч","Троян","2014","10033","7190"
"Ловеч","Угърчин","2014","746","6648"
"Ловеч","Ябланица","2014","1138","9134"
"Монтана","total","2014","28092","7449"
"Монтана","Берковица","2014","3113","7213"
"Монтана","Бойчиновци","2014","818","6991"
"Монтана","Брусарци","2014","394","5849"
"Монтана","Вълчедръм","2014","924","7620"
"Монтана","Вършец","2014","1149","7079"
"Монтана","Георги Дамяново","2014","438","6033"
"Монтана","Лом","2014","5388","7046"
"Монтана","Медковец","2014","366","6646"
"Монтана","Монтана","2014","14324","7836"
"Монтана","Чипровци","2014","708","6804"
"Монтана","Якимово","2014","470","7522"
"Плевен","total","2014","59797","7400"
"Плевен","Белене","2014","1665","7477"
"Плевен","Гулянци","2014","1103","6360"
"Плевен","Долна Митрополия","2014","2269","6683"
"Плевен","Долни Дъбник","2014","1921","7696"
"Плевен","Искър","2014","702","5886"
"Плевен","Кнежа","2014","2323","7466"
"Плевен","Левски","2014","3189","6736"
"Плевен","Никопол","2014","1306","6830"
"Плевен","Плевен","2014","40478","7584"
"Плевен","Пордим","2014","982","7272"
"Плевен","Червен бряг","2014","3859","7023"
"Велико Търново","total","2014","67472","7662"
"Велико Търново","Велико Търново","2014","30717","8135"
"Велико Търново","Горна Оряховица","2014","11869","7550"
"Велико Търново","Елена","2014","1872","5901"
"Велико Търново","Златарица","2014","490","5880"
"Велико Търново","Лясковец","2014","4814","7734"
"Велико Търново","Павликени","2014","4579","7152"
"Велико Търново","Полски Тръмбеш","2014","1586","6471"
"Велико Търново","Свищов","2014","8716","7346"
"Велико Търново","Стражица","2014","2418","6919"
"Велико Търново","Сухиндол","2014","411","6386"
"Габрово","total","2014","38990","8283"
"Габрово","Габрово","2014","19963","7832"
"Габрово","Дряново","2014","2232","8328"
"Габрово","Севлиево","2014","13534","9431"
"Габрово","Трявна","2014","3261","6230"
"Разград","total","2014","26490","8351"
"Разград","Завет","2014","1179","6069"
"Разград","Исперих","2014","4959","7443"
"Разград","Кубрат","2014","2367","6670"
"Разград","Лозница","2014","966","6775"
"Разград","Разград","2014","15272","9348"
"Разград","Самуил","2014","1071","7362"
"Разград","Цар Калоян","2014","676","6182"
"Русе","total","2014","69431","8028"
"Русе","Борово","2014","777","7246"
"Русе","Бяла","2014","3084","6992"
"Русе","Ветово","2014","2367","8666"
"Русе","Две могили","2014","1290","6841"
"Русе","Иваново","2014","1022","7764"
"Русе","Русе","2014","58527","8105"
"Русе","Сливо поле","2014","1754","8420"
"Русе","Ценово","2014","610","6341"
"Силистра","total","2014","20767","7215"
"Силистра","Алфатар","2014","464","6406"
"Силистра","Главиница","2014","975","7496"
"Силистра","Дулово","2014","3022","6403"
"Силистра","Кайнарджа","2014","528","6874"
"Силистра","Силистра","2014","12540","7543"
"Силистра","Ситово","2014","833","6339"
"Силистра","Тутракан","2014","2405","6955"
"Варна","total","2014","151621","9272"
"Варна","Аврен","2014","1427","7924"
"Варна","Аксаково","2014","3389","7606"
"Варна","Белослав","2014","2688","11405"
"Варна","Бяла","2014","1015","7529"
"Варна","Варна","2014","127547","9218"
"Варна","Ветрино","2014","772","7084"
"Варна","Вълчи дол","2014","1457","7968"
"Варна","Девня","2014","5527","14259"
"Варна","Долни чифлик","2014","1960","6691"
"Варна","Дългопол","2014","1645","7299"
"Варна","Провадия","2014","3067","7670"
"Варна","Суворово","2014","1127","8887"
"Добрич","total","2014","41827","7581"
"Добрич","Балчик","2014","6747","8293"
"Добрич","Генерал Тошево","2014","2865","7066"
"Добрич","Добрич-селска","2014","2741","8570"
"Добрич","Добрич","2014","22014","7202"
"Добрич","Каварна","2014","3333","8686"
"Добрич","Крушари","2014","493","7274"
"Добрич","Тервел","2014","2748","6957"
"Добрич","Шабла","2014","886","8089"
"Търговище","total","2014","27999","7465"
"Търговище","Антоново","2014","510","6517"
"Търговище","Омуртаг","2014","2628","6258"
"Търговище","Опака","2014","764","6420"
"Търговище","Попово","2014","6015","7010"
"Търговище","Търговище","2014","18082","7861"
"Шумен","total","2014","41797","7968"
"Шумен","Велики Преслав","2014","2337","6630"
"Шумен","Венец","2014","686","6617"
"Шумен","Върбица","2014","854","5915"
"Шумен","Каолиново","2014","1113","5658"
"Шумен","Каспичан","2014","2232","8500"
"Шумен","Никола Козлево","2014","570","7020"
"Шумен","Нови пазар","2014","3152","7189"
"Шумен","Смядово","2014","596","6325"
"Шумен","Хитрино","2014","627","7249"
"Шумен","Шумен","2014","29630","8359"
"Бургас","total","2014","124729","8834"
"Бургас","Айтос","2014","3516","6339"
"Бургас","Бургас","2014","74850","10196"
"Бургас","Камено","2014","1247","7294"
"Бургас","Карнобат","2014","8391","6994"
"Бургас","Малко Търново","2014","626","7175"
"Бургас","Несебър","2014","16799","6818"
"Бургас","Поморие","2014","5442","6642"
"Бургас","Приморско","2014","2363","6001"
"Бургас","Руен","2014","2825","5945"
"Бургас","Созопол","2014","3190","6587"
"Бургас","Средец","2014","2095","9288"
"Бургас","Сунгурларе","2014","1373","6723"
"Бургас","Царево","2014","2012","6365"
"Сливен","total","2014","36975","7265"
"Сливен","Котел","2014","1622","6529"
"Сливен","Нова Загора","2014","5891","7040"
"Сливен","Сливен","2014","27966","7393"
"Сливен","Твърдица","2014","1496","6566"
"Стара Загора","total","2014","100370","10035"
"Стара Загора","Братя Даскалови","2014","1073","6759"
"Стара Загора","Гурково","2014","1177","8305"
"Стара Загора","Гълъбово","2014","7096","16719"
"Стара Загора","Казанлък","2014","21986","8081"
"Стара Загора","Мъглиж","2014","1194","7635"
"Стара Загора","Николаево","2014","394","7122"
"Стара Загора","Опан","2014","353","7199"
"Стара Загора","Павел баня","2014","2151","8257"
"Стара Загора","Раднево","2014","11443","19291"
"Стара Загора","Стара Загора","2014","50133","8221"
"Стара Загора","Чирпан","2014","3370","8156"
"Ямбол","total","2014","31709","7472"
"Ямбол","Болярово","2014","550","6072"
"Ямбол","Елхово","2014","2406","7191"
"Ямбол","Стралджа","2014","1606","7066"
"Ямбол","Тунджа","2014","3222","8094"
"Ямбол","Ямбол","2014","23925","7476"
"Благоевград","total","2014","89016","6818"
"Благоевград","Банско","2014","4726","6793"
"Благоевград","Белица","2014","968","5926"
"Благоевград","Благоевград","2014","27434","8146"
"Благоевград","Гоце Делчев","2014","11894","6664"
"Благоевград","Гърмен","2014","1780","5403"
"Благоевград","Кресна","2014","1187","5790"
"Благоевград","Петрич","2014","16052","5854"
"Благоевград","Разлог","2014","5454","6912"
"Благоевград","Сандански","2014","10507","6244"
"Благоевград","Сатовча","2014","3160","5886"
"Благоевград","Симитли","2014","1877","6110"
"Благоевград","Струмяни","2014","914","5745"
"Благоевград","Хаджидимово","2014","2000","5488"
"Благоевград","Якоруда","2014","1063","5890"
"Кюстендил","total","2014","30618","7091"
"Кюстендил","Бобов дол","2014","4768","9209"
"Кюстендил","Бобошево","2014","276","5263"
"Кюстендил","Дупница","2014","9585","7350"
"Кюстендил","Кочериново","2014","675","5065"
"Кюстендил","Кюстендил","2014","13115","6478"
"Кюстендил","Невестино","2014","333","6132"
"Кюстендил","Рила","2014","666","5859"
"Кюстендил","Сапарева баня","2014","1094","5716"
"Кюстендил","Трекляно","2014","106","6091"
"Перник","total","2014","27164","7063"
"Перник","Брезник","2014","974","6414"
"Перник","Земен","2014","313","7205"
"Перник","Ковачевци","2014","193","5134"
"Перник","Перник","2014","21619","7087"
"Перник","Радомир","2014","3565","7263"
"Перник","Трън","2014","500","6508"
"София","total","2014","59694","9766"
"София","Антон","2014","184","6169"
"София","Божурище","2014","2038","8601"
"София","Ботевград","2014","10905","9364"
"София","Годеч","2014","1365","8457"
"София","Горна Малина","2014","685","7270"
"София","Долна баня","2014","590","7697"
"София","Драгоман","2014","1306","8039"
"София","Елин Пелин","2014","7954","11598"
"София","Етрополе","2014","2673","6629"
"София","Златица","2014","870","6822"
"София","Ихтиман","2014","2889","7816"
"София","Копривщица","2014","334","6224"
"София","Костенец","2014","2340","6656"
"София","Костинброд","2014","5585","11081"
"София","Мирково","2014","..",".."
"София","Пирдоп","2014","3043","15642"
"София","Правец","2014","1545","7707"
"София","Самоков","2014","7869","6779"
"София","Своге","2014","2915","7944"
"София","Сливница","2014","1328","7460"
"София","Чавдар","2014","..","7616"
"София","Челопеч","2014","1196","23512"
"София (столица)","total","2014","696588","13542"
"София (столица)","Столична","2014","696588","13542"
"Кърджали","total","2014","29458","7222"
"Кърджали","Ардино","2014","1789","5814"
"Кърджали","Джебел","2014","1865","6777"
"Кърджали","Кирково","2014","2591","6028"
"Кърджали","Крумовград","2014","1960","7066"
"Кърджали","Кърджали","2014","17400","7849"
"Кърджали","Момчилград","2014","2769","6287"
"Кърджали","Черноочене","2014","1084","5785"
"Пазарджик","total","2014","60089","7650"
"Пазарджик","Батак","2014","1653","8177"
"Пазарджик","Белово","2014","1459","7730"
"Пазарджик","Брацигово","2014","1052","5688"
"Пазарджик","Велинград","2014","8054","6358"
"Пазарджик","Лесичово","2014","624","5706"
"Пазарджик","Пазарджик","2014","27629","7137"
"Пазарджик","Панагюрище","2014","7420","12706"
"Пазарджик","Пещера","2014","5966","6522"
"Пазарджик","Ракитово","2014","1730","5923"
"Пазарджик","Септември","2014","3888","7673"
"Пазарджик","Стрелча","2014","614","5837"
"Пазарджик","Сърница","2014","",""
"Пловдив","total","2014","207057","8504"
"Пловдив","Асеновград","2014","11848","6591"
"Пловдив","Брезово","2014","931","8214"
"Пловдив","Калояново","2014","1716","7382"
"Пловдив","Карлово","2014","8224","6852"
"Пловдив","Кричим","2014","1385","7196"
"Пловдив","Куклен","2014","1047","7693"
"Пловдив","Лъки","2014","1134","10205"
"Пловдив","Марица","2014","11576","9195"
"Пловдив","Перущица","2014","934","6327"
"Пловдив","Пловдив","2014","135599","9028"
"Пловдив","Първомай","2014","4984","6868"
"Пловдив","Раковски","2014","6771","8084"
"Пловдив","Родопи","2014","4312","7154"
"Пловдив","Садово","2014","2295","6458"
"Пловдив","Сопот","2014","5229","7506"
"Пловдив","Стамболийски","2014","2969","7667"
"Пловдив","Съединение","2014","3909","7063"
"Пловдив","Хисаря","2014","2194","7218"
"Смолян","total","2014","30952","7253"
"Смолян","Баните","2014","612","5666"
"Смолян","Борино","2014","653","5623"
"Смолян","Девин","2014","2594","9680"
"Смолян","Доспат","2014","2264","5973"
"Смолян","Златоград","2014","3109","6530"
"Смолян","Мадан","2014","3079","7216"
"Смолян","Неделино","2014","856","5225"
"Смолян","Рудозем","2014","2230","6592"
"Смолян","Смолян","2014","12914","7447"
"Смолян","Чепеларе","2014","2641","7874"
"Хасково","total","2014","52083","6947"
"Хасково","Димитровград","2014","12331","7425"
"Хасково","Ивайловград","2014","1010","6145"
"Хасково","Любимец","2014","1143","5996"
"Хасково","Маджарово","2014","164","6286"
"Хасково","Минерални бани","2014","640","4903"
"Хасково","Свиленград","2014","5549","6790"
"Хасково","Симеоновград","2014","621","6463"
"Хасково","Стамболово","2014","631","6455"
"Хасково","Тополовград","2014","1151","6776"
"Хасково","Харманли","2014","4185","6219"
"Хасково","Хасково","2014","24658","7036"
"Видин","total","2015","16823","7011"
"Видин","Белоградчик","2015","926","6680"
"Видин","Бойница","2015","164","6557"
"Видин","Брегово","2015","559","6935"
"Видин","Видин","2015","12596","6986"
"Видин","Грамада","2015","315","6816"
"Видин","Димово","2015","591","7710"
"Видин","Кула","2015","697","8023"
"Видин","Макреш","2015","140","6642"
"Видин","Ново село","2015","295","6602"
"Видин","Ружинци","2015","286","6201"
"Видин","Чупрене","2015","254","7328"
"Враца","total","2015","37200","10332"
"Враца","Борован","2015","498","6171"
"Враца","Бяла Слатина","2015","3302","6933"
"Враца","Враца","2015","17892","7693"
"Враца","Козлодуй","2015","7934","20949"
"Враца","Криводол","2015","822","8177"
"Враца","Мездра","2015","3294","6907"
"Враца","Мизия","2015","856","6666"
"Враца","Оряхово","2015","1274","7932"
"Враца","Роман","2015","860","6773"
"Враца","Хайредин","2015","468","6744"
"Ловеч","total","2015","33502","8033"
"Ловеч","Априлци","2015","699","6748"
"Ловеч","Летница","2015","1128","11460"
"Ловеч","Ловеч","2015","13805","8441"
"Ловеч","Луковит","2015","2830","7541"
"Ловеч","Тетевен","2015","3117","6520"
"Ловеч","Троян","2015","10002","7703"
"Ловеч","Угърчин","2015","782","6870"
"Ловеч","Ябланица","2015","1139","9525"
"Монтана","total","2015","28152","7971"
"Монтана","Берковица","2015","3182","7577"
"Монтана","Бойчиновци","2015","806","7413"
"Монтана","Брусарци","2015","351","6418"
"Монтана","Вълчедръм","2015","924","8968"
"Монтана","Вършец","2015","1174","7490"
"Монтана","Георги Дамяново","2015","377","7002"
"Монтана","Лом","2015","5329","7610"
"Монтана","Медковец","2015","356","7120"
"Монтана","Монтана","2015","14519","8302"
"Монтана","Чипровци","2015","682","7381"
"Монтана","Якимово","2015","452","8137"
"Плевен","total","2015","59600","7892"
"Плевен","Белене","2015","1611","7542"
"Плевен","Гулянци","2015","1048","6713"
"Плевен","Долна Митрополия","2015","2300","7479"
"Плевен","Долни Дъбник","2015","1882","8117"
"Плевен","Искър","2015","665","6304"
"Плевен","Кнежа","2015","2371","7963"
"Плевен","Левски","2015","3042","7175"
"Плевен","Никопол","2015","1170","7428"
"Плевен","Плевен","2015","40979","8049"
"Плевен","Пордим","2015","916","7715"
"Плевен","Червен бряг","2015","3616","7808"
"Велико Търново","total","2015","67141","8213"
"Велико Търново","Велико Търново","2015","31013","8675"
"Велико Търново","Горна Оряховица","2015","11745","8139"
"Велико Търново","Елена","2015","1717","6659"
"Велико Търново","Златарица","2015","451","6161"
"Велико Търново","Лясковец","2015","5011","8117"
"Велико Търново","Павликени","2015","4466","7488"
"Велико Търново","Полски Тръмбеш","2015","1585","6718"
"Велико Търново","Свищов","2015","8319","8081"
"Велико Търново","Стражица","2015","2442","7367"
"Велико Търново","Сухиндол","2015","392","7057"
"Габрово","total","2015","38935","8826"
"Габрово","Габрово","2015","19841","8200"
"Габрово","Дряново","2015","2296","9074"
"Габрово","Севлиево","2015","13568","10164"
"Габрово","Трявна","2015","3230","6855"
"Разград","total","2015","26055","8702"
"Разград","Завет","2015","1261","7015"
"Разград","Исперих","2015","4467","7773"
"Разград","Кубрат","2015","2385","7067"
"Разград","Лозница","2015","932","6825"
"Разград","Разград","2015","15346","9650"
"Разград","Самуил","2015","988","7519"
"Разград","Цар Калоян","2015","676","6550"
"Русе","total","2015","69089","8563"
"Русе","Борово","2015","713","7673"
"Русе","Бяла","2015","3041","7704"
"Русе","Ветово","2015","2418","9009"
"Русе","Две могили","2015","1223","7400"
"Русе","Иваново","2015","1034","7918"
"Русе","Русе","2015","58395","8646"
"Русе","Сливо поле","2015","1674","8836"
"Русе","Ценово","2015","591","6883"
"Силистра","total","2015","21191","7494"
"Силистра","Алфатар","2015","478","6612"
"Силистра","Главиница","2015","985","7869"
"Силистра","Дулово","2015","3159","6712"
"Силистра","Кайнарджа","2015","501","7076"
"Силистра","Силистра","2015","12797","7815"
"Силистра","Ситово","2015","898","6518"
"Силистра","Тутракан","2015","2373","7287"
"Варна","total","2015","151747","10000"
"Варна","Аврен","2015","1513","8122"
"Варна","Аксаково","2015","3748","9505"
"Варна","Белослав","2015","2407","11732"
"Варна","Бяла","2015","876","7775"
"Варна","Варна","2015","127964","9952"
"Варна","Ветрино","2015","809","7276"
"Варна","Вълчи дол","2015","1330","8696"
"Варна","Девня","2015","5401","15074"
"Варна","Долни чифлик","2015","1938","7418"
"Варна","Дългопол","2015","1543","7034"
"Варна","Провадия","2015","3130","8191"
"Варна","Суворово","2015","1088","10120"
"Добрич","total","2015","40496","8084"
"Добрич","Балчик","2015","6456","8617"
"Добрич","Генерал Тошево","2015","2643","7815"
"Добрич","Добрич-селска","2015","2684","9677"
"Добрич","Добрич","2015","21225","7718"
"Добрич","Каварна","2015","3314","8833"
"Добрич","Крушари","2015","450","8257"
"Добрич","Тервел","2015","2846","7435"
"Добрич","Шабла","2015","878","8055"
"Търговище","total","2015","28629","7902"
"Търговище","Антоново","2015","480","6931"
"Търговище","Омуртаг","2015","2630","6799"
"Търговище","Опака","2015","755","6857"
"Търговище","Попово","2015","5966","7708"
"Търговище","Търговище","2015","18798","8183"
"Шумен","total","2015","42163","8505"
"Шумен","Велики Преслав","2015","2283","6960"
"Шумен","Венец","2015","638","6933"
"Шумен","Върбица","2015","954","6183"
"Шумен","Каолиново","2015","974","6356"
"Шумен","Каспичан","2015","2254","8927"
"Шумен","Никола Козлево","2015","537","7653"
"Шумен","Нови пазар","2015","3177","7496"
"Шумен","Смядово","2015","615","6606"
"Шумен","Хитрино","2015","610","7686"
"Шумен","Шумен","2015","30121","8943"
"Бургас","total","2015","123543","9102"
"Бургас","Айтос","2015","3419","6807"
"Бургас","Бургас","2015","73632","10266"
"Бургас","Камено","2015","1626","9053"
"Бургас","Карнобат","2015","8876","7772"
"Бургас","Малко Търново","2015","602","7282"
"Бургас","Несебър","2015","16212","7272"
"Бургас","Поморие","2015","5253","7479"
"Бургас","Приморско","2015","2309","6485"
"Бургас","Руен","2015","2818","6675"
"Бургас","Созопол","2015","3266","6980"
"Бургас","Средец","2015","2178","9622"
"Бургас","Сунгурларе","2015","1292","7138"
"Бургас","Царево","2015","2060","6471"
"Сливен","total","2015","37425","7830"
"Сливен","Котел","2015","1649","7142"
"Сливен","Нова Загора","2015","6096","7301"
"Сливен","Сливен","2015","28239","8023"
"Сливен","Твърдица","2015","1441","7063"
"Стара Загора","total","2015","101646","10667"
"Стара Загора","Братя Даскалови","2015","1171","7097"
"Стара Загора","Гурково","2015","1167","8885"
"Стара Загора","Гълъбово","2015","6797","17334"
"Стара Загора","Казанлък","2015","23710","8931"
"Стара Загора","Мъглиж","2015","1219","7908"
"Стара Загора","Николаево","2015","373","7462"
"Стара Загора","Опан","2015","319","7301"
"Стара Загора","Павел баня","2015","2224","8648"
"Стара Загора","Раднево","2015","11610","19218"
"Стара Загора","Стара Загора","2015","49751","9029"
"Стара Загора","Чирпан","2015","3305","8623"
"Ямбол","total","2015","32780","8053"
"Ямбол","Болярово","2015","578","6428"
"Ямбол","Елхово","2015","2438","7520"
"Ямбол","Стралджа","2015","1512","7850"
"Ямбол","Тунджа","2015","3410","8664"
"Ямбол","Ямбол","2015","24842","8071"
"Благоевград","total","2015","89286","7181"
"Благоевград","Банско","2015","4784","7067"
"Благоевград","Белица","2015","1056","6217"
"Благоевград","Благоевград","2015","26976","8544"
"Благоевград","Гоце Делчев","2015","12434","7182"
"Благоевград","Гърмен","2015","1924","6090"
"Благоевград","Кресна","2015","1092","6447"
"Благоевград","Петрич","2015","16373","6199"
"Благоевград","Разлог","2015","5246","7098"
"Благоевград","Сандански","2015","10216","6545"
"Благоевград","Сатовча","2015","3266","6201"
"Благоевград","Симитли","2015","1966","6176"
"Благоевград","Струмяни","2015","919","5932"
"Благоевград","Хаджидимово","2015","2023","6186"
"Благоевград","Якоруда","2015","1011","6399"
"Кюстендил","total","2015","30900","7486"
"Кюстендил","Бобов дол","2015","4752","9455"
"Кюстендил","Бобошево","2015","268","6005"
"Кюстендил","Дупница","2015","10014","8022"
"Кюстендил","Кочериново","2015","672","5143"
"Кюстендил","Кюстендил","2015","13032","6730"
"Кюстендил","Невестино","2015","341","6745"
"Кюстендил","Рила","2015","656","6553"
"Кюстендил","Сапарева баня","2015","1064","5598"
"Кюстендил","Трекляно","2015","101","6593"
"Перник","total","2015","27560","7514"
"Перник","Брезник","2015","1000","6570"
"Перник","Земен","2015","293","7909"
"Перник","Ковачевци","2015","184","5683"
"Перник","Перник","2015","21447","7674"
"Перник","Радомир","2015","4158","7019"
"Перник","Трън","2015","478","7097"
"София","total","2015","59397","10507"
"София","Антон","2015","177","6326"
"София","Божурище","2015","2021","11157"
"София","Ботевград","2015","11196","10115"
"София","Годеч","2015","1387","9413"
"София","Горна Малина","2015","626","7845"
"София","Долна баня","2015","633","9028"
"София","Драгоман","2015","1051","8327"
"София","Елин Пелин","2015","8271","12638"
"София","Етрополе","2015","2550","6852"
"София","Златица","2015","820","7275"
"София","Ихтиман","2015","2567","8590"
"София","Копривщица","2015","363","6848"
"София","Костенец","2015","2246","7143"
"София","Костинброд","2015","5692","11994"
"София","Мирково","2015","..",".."
"София","Пирдоп","2015","2957","16303"
"София","Правец","2015","1569","7702"
"София","Самоков","2015","7888","7200"
"София","Своге","2015","2676","8343"
"София","Сливница","2015","1381","8330"
"София","Чавдар","2015","..",".."
"София","Челопеч","2015","1238","24497"
"София (столица)","total","2015","707299","14531"
"София (столица)","Столична","2015","707299","14531"
"Кърджали","total","2015","30498","7648"
"Кърджали","Ардино","2015","1791","6219"
"Кърджали","Джебел","2015","1584","7991"
"Кърджали","Кирково","2015","2549","6398"
"Кърджали","Крумовград","2015","2063","7217"
"Кърджали","Кърджали","2015","18538","8215"
"Кърджали","Момчилград","2015","2939","6765"
"Кърджали","Черноочене","2015","1034","5869"
"Пазарджик","total","2015","61129","8006"
"Пазарджик","Батак","2015","1610","8357"
"Пазарджик","Белово","2015","1446","8010"
"Пазарджик","Брацигово","2015","1135","5776"
"Пазарджик","Велинград","2015","7374","6844"
"Пазарджик","Лесичово","2015","675","5971"
"Пазарджик","Пазарджик","2015","27949","7616"
"Пазарджик","Панагюрище","2015","7622","12757"
"Пазарджик","Пещера","2015","6111","7084"
"Пазарджик","Ракитово","2015","1788","6021"
"Пазарджик","Септември","2015","3753","8206"
"Пазарджик","Стрелча","2015","657","6016"
"Пазарджик","Сърница","2015","1009","4270"
"Пловдив","total","2015","208990","9084"
"Пловдив","Асеновград","2015","11984","7059"
"Пловдив","Брезово","2015","929","9008"
"Пловдив","Калояново","2015","1604","7712"
"Пловдив","Карлово","2015","8057","7109"
"Пловдив","Кричим","2015","1354","7460"
"Пловдив","Куклен","2015","1147","8758"
"Пловдив","Лъки","2015","1117","10424"
"Пловдив","Марица","2015","11251","10182"
"Пловдив","Перущица","2015","984","6589"
"Пловдив","Пловдив","2015","136975","9548"
"Пловдив","Първомай","2015","5065","7180"
"Пловдив","Раковски","2015","6916","9628"
"Пловдив","Родопи","2015","4587","7231"
"Пловдив","Садово","2015","2349","6986"
"Пловдив","Сопот","2015","5492","8224"
"Пловдив","Стамболийски","2015","2845","8223"
"Пловдив","Съединение","2015","3998","9055"
"Пловдив","Хисаря","2015","2336","7679"
"Смолян","total","2015","31145","7679"
"Смолян","Баните","2015","633","5907"
"Смолян","Борино","2015","654","5958"
"Смолян","Девин","2015","2766","9811"
"Смолян","Доспат","2015","2205","6285"
"Смолян","Златоград","2015","3107","7089"
"Смолян","Мадан","2015","3086","7605"
"Смолян","Неделино","2015","856","5379"
"Смолян","Рудозем","2015","2213","6985"
"Смолян","Смолян","2015","13129","7886"
"Смолян","Чепеларе","2015","2496","8558"
"Хасково","total","2015","52447","7422"
"Хасково","Димитровград","2015","12248","7843"
"Хасково","Ивайловград","2015","995","6502"
"Хасково","Любимец","2015","1144","6540"
"Хасково","Маджарово","2015","131","6721"
"Хасково","Минерални бани","2015","751","5747"
"Хасково","Свиленград","2015","5417","7341"
"Хасково","Симеоновград","2015","650","6842"
"Хасково","Стамболово","2015","669","5833"
"Хасково","Тополовград","2015","1167","6904"
"Хасково","Харманли","2015","4322","6762"
"Хасково","Хасково","2015","24953","7560"
"Видин","total","2016","16474","7522"
"Видин","Белоградчик","2016","1000","7327"
"Видин","Бойница","2016","185","6821"
"Видин","Брегово","2016","547","7673"
"Видин","Видин","2016","12067","7568"
"Видин","Грамада","2016","351","6977"
"Видин","Димово","2016","601","6837"
"Видин","Кула","2016","708","8561"
"Видин","Макреш","2016","143","6522"
"Видин","Ново село","2016","258","7235"
"Видин","Ружинци","2016","311","6814"
"Видин","Чупрене","2016","303","7474"
"Враца","total","2016","36089","10988"
"Враца","Борован","2016","441","6923"
"Враца","Бяла Слатина","2016","3231","7888"
"Враца","Враца","2016","17453","8450"
"Враца","Козлодуй","2016","7628","21359"
"Враца","Криводол","2016","786","9059"
"Враца","Мездра","2016","3183","7689"
"Враца","Мизия","2016","782","7581"
"Враца","Оряхово","2016","1333","8135"
"Враца","Роман","2016","783","7347"
"Враца","Хайредин","2016","469","7458"
"Ловеч","total","2016","33149","8604"
"Ловеч","Априлци","2016","702","7569"
"Ловеч","Летница","2016","1254","13211"
"Ловеч","Ловеч","2016","13190","8874"
"Ловеч","Луковит","2016","2826","8314"
"Ловеч","Тетевен","2016","3122","7033"
"Ловеч","Троян","2016","10044","8257"
"Ловеч","Угърчин","2016","846","7123"
"Ловеч","Ябланица","2016","1165","10141"
"Монтана","total","2016","28121","8624"
"Монтана","Берковица","2016","3186","8237"
"Монтана","Бойчиновци","2016","851","7643"
"Монтана","Брусарци","2016","351","7259"
"Монтана","Вълчедръм","2016","845","9823"
"Монтана","Вършец","2016","1207","7955"
"Монтана","Георги Дамяново","2016","380","7210"
"Монтана","Лом","2016","5330","8129"
"Монтана","Медковец","2016","398","7078"
"Монтана","Монтана","2016","14554","9096"
"Монтана","Чипровци","2016","567","7582"
"Монтана","Якимово","2016","452","8288"
"Плевен","total","2016","58758","8630"
"Плевен","Белене","2016","1344","7623"
"Плевен","Гулянци","2016","989","7184"
"Плевен","Долна Митрополия","2016","2113","7924"
"Плевен","Долни Дъбник","2016","1791","8460"
"Плевен","Искър","2016","780","6730"
"Плевен","Кнежа","2016","2366","8840"
"Плевен","Левски","2016","2938","7906"
"Плевен","Никопол","2016","1154","8018"
"Плевен","Плевен","2016","40649","8879"
"Плевен","Пордим","2016","881","8054"
"Плевен","Червен бряг","2016","3753","8329"
"Велико Търново","total","2016","67110","8934"
"Велико Търново","Велико Търново","2016","31221","9412"
"Велико Търново","Горна Оряховица","2016","11603","8989"
"Велико Търново","Елена","2016","1680","7204"
"Велико Търново","Златарица","2016","452","6658"
"Велико Търново","Лясковец","2016","5266","9077"
"Велико Търново","Павликени","2016","4332","8120"
"Велико Търново","Полски Тръмбеш","2016","1515","7324"
"Велико Търново","Свищов","2016","8247","8544"
"Велико Търново","Стражица","2016","2411","7859"
"Велико Търново","Сухиндол","2016","383","7580"
"Габрово","total","2016","39050","9498"
"Габрово","Габрово","2016","19397","8862"
"Габрово","Дряново","2016","2429","9813"
"Габрово","Севлиево","2016","13940","10840"
"Габрово","Трявна","2016","3284","7329"
"Разград","total","2016","26243","9694"
"Разград","Завет","2016","1280","7641"
"Разград","Исперих","2016","4587","8300"
"Разград","Кубрат","2016","2290","7588"
"Разград","Лозница","2016","1044","7172"
"Разград","Разград","2016","15433","10923"
"Разград","Самуил","2016","969","8754"
"Разград","Цар Калоян","2016","640","7282"
"Русе","total","2016","69406","9287"
"Русе","Борово","2016","757","8079"
"Русе","Бяла","2016","2944","8610"
"Русе","Ветово","2016","2236","10159"
"Русе","Две могили","2016","1266","7921"
"Русе","Иваново","2016","1056","8402"
"Русе","Русе","2016","58777","9348"
"Русе","Сливо поле","2016","1765","10131"
"Русе","Ценово","2016","605","6931"
"Силистра","total","2016","21153","7967"
"Силистра","Алфатар","2016","486","7113"
"Силистра","Главиница","2016","970","8069"
"Силистра","Дулово","2016","3342","7089"
"Силистра","Кайнарджа","2016","534","7739"
"Силистра","Силистра","2016","12541","8319"
"Силистра","Ситово","2016","912","6947"
"Силистра","Тутракан","2016","2368","7915"
"Варна","total","2016","150698","10773"
"Варна","Аврен","2016","1569","8693"
"Варна","Аксаково","2016","3972","9715"
"Варна","Белослав","2016","2347","11816"
"Варна","Бяла","2016","836","8274"
"Варна","Варна","2016","126576","10737"
"Варна","Ветрино","2016","829","7668"
"Варна","Вълчи дол","2016","1349","9195"
"Варна","Девня","2016","5592","16483"
"Варна","Долни чифлик","2016","1847","8198"
"Варна","Дългопол","2016","1493","7759"
"Варна","Провадия","2016","3223","8556"
"Варна","Суворово","2016","1065","11339"
"Добрич","total","2016","40772","8705"
"Добрич","Балчик","2016","6862","9563"
"Добрич","Генерал Тошево","2016","2619","8307"
"Добрич","Добрич-селска","2016","3089","9698"
"Добрич","Добрич","2016","20757","8318"
"Добрич","Каварна","2016","3369","9333"
"Добрич","Крушари","2016","404","8473"
"Добрич","Тервел","2016","2813","8070"
"Добрич","Шабла","2016","859","8565"
"Търговище","total","2016","28808","8963"
"Търговище","Антоново","2016","476","6935"
"Търговище","Омуртаг","2016","2533","7200"
"Търговище","Опака","2016","730","7401"
"Търговище","Попово","2016","5904","9588"
"Търговище","Търговище","2016","19165","9113"
"Шумен","total","2016","42131","9026"
"Шумен","Велики Преслав","2016","2207","7600"
"Шумен","Венец","2016","701","7372"
"Шумен","Върбица","2016","1008","6690"
"Шумен","Каолиново","2016","1017","6786"
"Шумен","Каспичан","2016","2278","9723"
"Шумен","Никола Козлево","2016","584","8153"
"Шумен","Нови пазар","2016","3055","8190"
"Шумен","Смядово","2016","590","7162"
"Шумен","Хитрино","2016","670","7910"
"Шумен","Шумен","2016","30021","9436"
"Бургас","total","2016","123268","9540"
"Бургас","Айтос","2016","3376","7512"
"Бургас","Бургас","2016","72715","10599"
"Бургас","Камено","2016","1551","9804"
"Бургас","Карнобат","2016","9091","8598"
"Бургас","Малко Търново","2016","602","7869"
"Бургас","Несебър","2016","16250","7807"
"Бургас","Поморие","2016","5085","8128"
"Бургас","Приморско","2016","2276","6953"
"Бургас","Руен","2016","3510","7277"
"Бургас","Созопол","2016","3228","7897"
"Бургас","Средец","2016","2245","10060"
"Бургас","Сунгурларе","2016","1298","7549"
"Бургас","Царево","2016","2041","7033"
"Сливен","total","2016","37336","8438"
"Сливен","Котел","2016","1679","7980"
"Сливен","Нова Загора","2016","6211","8108"
"Сливен","Сливен","2016","28042","8558"
"Сливен","Твърдица","2016","1404","8045"
"Стара Загора","total","2016","104411","11250"
"Стара Загора","Братя Даскалови","2016","1249","7764"
"Стара Загора","Гурково","2016","1096","9329"
"Стара Загора","Гълъбово","2016","6454","18307"
"Стара Загора","Казанлък","2016","25910","10255"
"Стара Загора","Мъглиж","2016","1211","8631"
"Стара Загора","Николаево","2016","350","8034"
"Стара Загора","Опан","2016","382","7420"
"Стара Загора","Павел баня","2016","2454","9133"
"Стара Загора","Раднево","2016","11725","19283"
"Стара Загора","Стара Загора","2016","50245","9442"
"Стара Загора","Чирпан","2016","3335","9142"
"Ямбол","total","2016","33106","8625"
"Ямбол","Болярово","2016","575","6938"
"Ямбол","Елхово","2016","2457","8339"
"Ямбол","Стралджа","2016","1496","8338"
"Ямбол","Тунджа","2016","3505","9385"
"Ямбол","Ямбол","2016","25073","8602"
"Благоевград","total","2016","89355","7658"
"Благоевград","Банско","2016","5009","7602"
"Благоевград","Белица","2016","1109","6954"
"Благоевград","Благоевград","2016","26747","8993"
"Благоевград","Гоце Делчев","2016","12099","7500"
"Благоевград","Гърмен","2016","2101","6461"
"Благоевград","Кресна","2016","1066","7012"
"Благоевград","Петрич","2016","16383","6816"
"Благоевград","Разлог","2016","5260","7323"
"Благоевград","Сандански","2016","10211","7154"
"Благоевград","Сатовча","2016","3219","6658"
"Благоевград","Симитли","2016","2214","6680"
"Благоевград","Струмяни","2016","876","6475"
"Благоевград","Хаджидимово","2016","1964","7052"
"Благоевград","Якоруда","2016","1097","6458"
"Кюстендил","total","2016","30241","7942"
"Кюстендил","Бобов дол","2016","4228","9611"
"Кюстендил","Бобошево","2016","278","6585"
"Кюстендил","Дупница","2016","9866","8452"
"Кюстендил","Кочериново","2016","566","5886"
"Кюстендил","Кюстендил","2016","13086","7323"
"Кюстендил","Невестино","2016","346","7297"
"Кюстендил","Рила","2016","663","7486"
"Кюстендил","Сапарева баня","2016","1119","6175"
"Кюстендил","Трекляно","2016","89","7517"
"Перник","total","2016","27148","8449"
"Перник","Брезник","2016","965","7042"
"Перник","Земен","2016","336","7647"
"Перник","Ковачевци","2016","194","5981"
"Перник","Перник","2016","21377","8491"
"Перник","Радомир","2016","3781","8852"
"Перник","Трън","2016","495","7755"
"София","total","2016","60808","11230"
"София","Антон","2016","161","7030"
"София","Божурище","2016","2282","12820"
"София","Ботевград","2016","12000","11224"
"София","Годеч","2016","1360","10715"
"София","Горна Малина","2016","618","8416"
"София","Долна баня","2016","719","9182"
"София","Драгоман","2016","1029","9081"
"София","Елин Пелин","2016","8051","13578"
"София","Етрополе","2016","2434","7630"
"София","Златица","2016","823","7281"
"София","Ихтиман","2016","2697","9068"
"София","Копривщица","2016","387","7053"
"София","Костенец","2016","2363","7419"
"София","Костинброд","2016","5859","12977"
"София","Мирково","2016","..",".."
"София","Пирдоп","2016","2973","17486"
"София","Правец","2016","1511","8675"
"София","Самоков","2016","8018","7668"
"София","Своге","2016","2717","8373"
"София","Сливница","2016","1457","8870"
"София","Чавдар","2016","..","8032"
"София","Челопеч","2016","1187","25043"
"София (столица)","total","2016","723290","15658"
"София (столица)","Столична","2016","723290","15658"
"Кърджали","total","2016","30599","8335"
"Кърджали","Ардино","2016","1745","6699"
"Кърджали","Джебел","2016","1594","8304"
"Кърджали","Кирково","2016","2629","6867"
"Кърджали","Крумовград","2016","2023","7986"
"Кърджали","Кърджали","2016","18562","8950"
"Кърджали","Момчилград","2016","3050","7562"
"Кърджали","Черноочене","2016","996","6709"
"Пазарджик","total","2016","61849","8721"
"Пазарджик","Батак","2016","1552","9038"
"Пазарджик","Белово","2016","1434","8599"
"Пазарджик","Брацигово","2016","1067","6313"
"Пазарджик","Велинград","2016","7439","7328"
"Пазарджик","Лесичово","2016","757","6541"
"Пазарджик","Пазарджик","2016","27801","8207"
"Пазарджик","Панагюрище","2016","8104","14059"
"Пазарджик","Пещера","2016","6252","7990"
"Пазарджик","Ракитово","2016","1846","6401"
"Пазарджик","Септември","2016","3853","8646"
"Пазарджик","Стрелча","2016","683","6499"
"Пазарджик","Сърница","2016","1061","4859"
"Пловдив","total","2016","214899","9911"
"Пловдив","Асеновград","2016","11920","7749"
"Пловдив","Брезово","2016","952","9564"
"Пловдив","Калояново","2016","1592","9088"
"Пловдив","Карлово","2016","8240","7862"
"Пловдив","Кричим","2016","1330","7867"
"Пловдив","Куклен","2016","1198","9048"
"Пловдив","Лъки","2016","1047","12136"
"Пловдив","Марица","2016","12085","11439"
"Пловдив","Перущица","2016","980","7438"
"Пловдив","Пловдив","2016","139441","10349"
"Пловдив","Първомай","2016","5248","7906"
"Пловдив","Раковски","2016","7128","9784"
"Пловдив","Родопи","2016","5471","7788"
"Пловдив","Садово","2016","2351","7814"
"Пловдив","Сопот","2016","6339","10686"
"Пловдив","Стамболийски","2016","2835","9096"
"Пловдив","Съединение","2016","4281","9277"
"Пловдив","Хисаря","2016","2461","8482"
"Смолян","total","2016","31232","8504"
"Смолян","Баните","2016","602","6447"
"Смолян","Борино","2016","660","6256"
"Смолян","Девин","2016","2878","10717"
"Смолян","Доспат","2016","2196","6773"
"Смолян","Златоград","2016","3113","8120"
"Смолян","Мадан","2016","3033","8384"
"Смолян","Неделино","2016","841","5940"
"Смолян","Рудозем","2016","2368","7635"
"Смолян","Смолян","2016","13063","8844"
"Смолян","Чепеларе","2016","2478","9085"
"Хасково","total","2016","51841","7964"
"Хасково","Димитровград","2016","11910","8587"
"Хасково","Ивайловград","2016","1035","6980"
"Хасково","Любимец","2016","1171","7092"
"Хасково","Маджарово","2016","186","7713"
"Хасково","Минерални бани","2016","694","6256"
"Хасково","Свиленград","2016","5427","7858"
"Хасково","Симеоновград","2016","655","7240"
"Хасково","Стамболово","2016","588","7121"
"Хасково","Тополовград","2016","1213","7486"
"Хасково","Харманли","2016","4409","7277"
"Хасково","Хасково","2016","24553","8003"
"Видин","total","2017","16522","8233"
"Видин","Белоградчик","2017","969","7840"
"Видин","Бойница","2017","189","7365"
"Видин","Брегово","2017","570","8121"
"Видин","Видин","2017","11992","8375"
"Видин","Грамада","2017","359","7675"
"Видин","Димово","2017","629","7511"
"Видин","Кула","2017","715","8778"
"Видин","Макреш","2017","171","7358"
"Видин","Ново село","2017","251","8033"
"Видин","Ружинци","2017","386","6887"
"Видин","Чупрене","2017","291","7903"
"Враца","total","2017","38618","11460"
"Враца","Борован","2017","520","7607"
"Враца","Бяла Слатина","2017","3237","8406"
"Враца","Враца","2017","17653","9041"
"Враца","Козлодуй","2017","7946","21474"
"Враца","Криводол","2017","848","9011"
"Враца","Мездра","2017","5073","8786"
"Враца","Мизия","2017","753","8511"
"Враца","Оряхово","2017","1297","8932"
"Враца","Роман","2017","822","8022"
"Враца","Хайредин","2017","469","8054"
"Ловеч","total","2017","33296","9474"
"Ловеч","Априлци","2017","721","8066"
"Ловеч","Летница","2017","1425","14676"
"Ловеч","Ловеч","2017","13087","9754"
"Ловеч","Луковит","2017","2704","8783"
"Ловеч","Тетевен","2017","3048","7662"
"Ловеч","Троян","2017","10250","9085"
"Ловеч","Угърчин","2017","849","7438"
"Ловеч","Ябланица","2017","1212","11888"
"Монтана","total","2017","28339","9297"
"Монтана","Берковица","2017","3277","8719"
"Монтана","Бойчиновци","2017","759","8446"
"Монтана","Брусарци","2017","323","7467"
"Монтана","Вълчедръм","2017","893","10786"
"Монтана","Вършец","2017","1228","8228"
"Монтана","Георги Дамяново","2017","361","7883"
"Монтана","Лом","2017","5263","8766"
"Монтана","Медковец","2017","399","8621"
"Монтана","Монтана","2017","14826","9821"
"Монтана","Чипровци","2017","539","7540"
"Монтана","Якимово","2017","471","9087"
"Плевен","total","2017","58430","9401"
"Плевен","Белене","2017","1305","8214"
"Плевен","Гулянци","2017","1009","8047"
"Плевен","Долна Митрополия","2017","2005","8519"
"Плевен","Долни Дъбник","2017","1734","9372"
"Плевен","Искър","2017","757","7680"
"Плевен","Кнежа","2017","2483","9952"
"Плевен","Левски","2017","2734","8510"
"Плевен","Никопол","2017","1158","8666"
"Плевен","Плевен","2017","40667","9618"
"Плевен","Пордим","2017","851","8953"
"Плевен","Червен бряг","2017","3727","9273"
"Велико Търново","total","2017","67355","9665"
"Велико Търново","Велико Търново","2017","31746","10190"
"Велико Търново","Горна Оряховица","2017","11420","9673"
"Велико Търново","Елена","2017","1664","8010"
"Велико Търново","Златарица","2017","433","7400"
"Велико Търново","Лясковец","2017","5549","9785"
"Велико Търново","Павликени","2017","4274","8888"
"Велико Търново","Полски Тръмбеш","2017","1442","7881"
"Велико Търново","Свищов","2017","8054","9112"
"Велико Търново","Стражица","2017","2409","8586"
"Велико Търново","Сухиндол","2017","364","7902"
"Габрово","total","2017","39260","10522"
"Габрово","Габрово","2017","19398","9649"
"Габрово","Дряново","2017","2413","10791"
"Габрово","Севлиево","2017","14231","12124"
"Габрово","Трявна","2017","3218","8484"
"Разград","total","2017","26483","10453"
"Разград","Завет","2017","1310","8264"
"Разград","Исперих","2017","4638","9014"
"Разград","Кубрат","2017","2307","8229"
"Разград","Лозница","2017","984","7305"
"Разград","Разград","2017","15593","11760"
"Разград","Самуил","2017","1044","9409"
"Разград","Цар Калоян","2017","607","7986"
"Русе","total","2017","69277","10243"
"Русе","Борово","2017","711","8696"
"Русе","Бяла","2017","2886","9484"
"Русе","Ветово","2017","2341","10901"
"Русе","Две могили","2017","1283","8384"
"Русе","Иваново","2017","1079","9007"
"Русе","Русе","2017","58632","10339"
"Русе","Сливо поле","2017","1776","11020"
"Русе","Ценово","2017","569","7577"
"Силистра","total","2017","21126","8672"
"Силистра","Алфатар","2017","497","7725"
"Силистра","Главиница","2017","969","9015"
"Силистра","Дулово","2017","3395","7774"
"Силистра","Кайнарджа","2017","495","9056"
"Силистра","Силистра","2017","12448","8996"
"Силистра","Ситово","2017","968","7457"
"Силистра","Тутракан","2017","2354","8724"
"Варна","total","2017","152519","11700"
"Варна","Аврен","2017","1523","9870"
"Варна","Аксаково","2017","4223","13244"
"Варна","Белослав","2017","2382","12957"
"Варна","Бяла","2017","823","9203"
"Варна","Варна","2017","127974","11585"
"Варна","Ветрино","2017","853","7998"
"Варна","Вълчи дол","2017","1381","10164"
"Варна","Девня","2017","5640","17309"
"Варна","Долни чифлик","2017","1948","8695"
"Варна","Дългопол","2017","1513","8378"
"Варна","Провадия","2017","3192","9317"
"Варна","Суворово","2017","1067","13336"
"Добрич","total","2017","40594","9539"
"Добрич","Балчик","2017","7132","10487"
"Добрич","Генерал Тошево","2017","2562","8909"
"Добрич","Добрич-селска","2017","3059","10770"
"Добрич","Добрич","2017","20526","9052"
"Добрич","Каварна","2017","3277","10480"
"Добрич","Крушари","2017","411","8955"
"Добрич","Тервел","2017","2779","9049"
"Добрич","Шабла","2017","848","9037"
"Търговище","total","2017","28466","9754"
"Търговище","Антоново","2017","611","7009"
"Търговище","Омуртаг","2017","2519","7864"
"Търговище","Опака","2017","711","8013"
"Търговище","Попово","2017","5843","10607"
"Търговище","Търговище","2017","18782","9898"
"Шумен","total","2017","42184","9994"
"Шумен","Велики Преслав","2017","2339","7904"
"Шумен","Венец","2017","722","8899"
"Шумен","Върбица","2017","1005","7472"
"Шумен","Каолиново","2017","1011","7534"
"Шумен","Каспичан","2017","2259","10893"
"Шумен","Никола Козлево","2017","590","10196"
"Шумен","Нови пазар","2017","3108","9054"
"Шумен","Смядово","2017","618","7849"
"Шумен","Хитрино","2017","610","8838"
"Шумен","Шумен","2017","29922","10444"
"Бургас","total","2017","123233","10276"
"Бургас","Айтос","2017","3483","8148"
"Бургас","Бургас","2017","72251","11434"
"Бургас","Камено","2017","1722","11669"
"Бургас","Карнобат","2017","7355","9166"
"Бургас","Малко Търново","2017","537","9409"
"Бургас","Несебър","2017","17288","8169"
"Бургас","Поморие","2017","5178","9283"
"Бургас","Приморско","2017","2461","7335"
"Бургас","Руен","2017","3873","8313"
"Бургас","Созопол","2017","3358","8481"
"Бургас","Средец","2017","2226","10555"
"Бургас","Сунгурларе","2017","1348","8516"
"Бургас","Царево","2017","2153","7589"
"Сливен","total","2017","39212","9113"
"Сливен","Котел","2017","1757","8237"
"Сливен","Нова Загора","2017","6283","8656"
"Сливен","Сливен","2017","29742","9274"
"Сливен","Твърдица","2017","1430","8853"
"Стара Загора","total","2017","105851","12248"
"Стара Загора","Братя Даскалови","2017","1275","8523"
"Стара Загора","Гурково","2017","1138","10454"
"Стара Загора","Гълъбово","2017","6529","19320"
"Стара Загора","Казанлък","2017","27379","11979"
"Стара Загора","Мъглиж","2017","1226","9295"
"Стара Загора","Николаево","2017","364","8989"
"Стара Загора","Опан","2017","391","8003"
"Стара Загора","Павел баня","2017","2593","9955"
"Стара Загора","Раднево","2017","11641","19878"
"Стара Загора","Стара Загора","2017","49828","10217"
"Стара Загора","Чирпан","2017","3487","9755"
"Ямбол","total","2017","31405","9530"
"Ямбол","Болярово","2017","601","7311"
"Ямбол","Елхово","2017","2380","9349"
"Ямбол","Стралджа","2017","1465","9702"
"Ямбол","Тунджа","2017","3769","10105"
"Ямбол","Ямбол","2017","23190","9500"
"Благоевград","total","2017","89746","8297"
"Благоевград","Банско","2017","5269","8116"
"Благоевград","Белица","2017","1189","7337"
"Благоевград","Благоевград","2017","26692","9712"
"Благоевград","Гоце Делчев","2017","11928","7987"
"Благоевград","Гърмен","2017","2114","7693"
"Благоевград","Кресна","2017","1072","7799"
"Благоевград","Петрич","2017","16616","7365"
"Благоевград","Разлог","2017","5336","8141"
"Благоевград","Сандански","2017","10015","7767"
"Благоевград","Сатовча","2017","3164","7344"
"Благоевград","Симитли","2017","2340","7243"
"Благоевград","Струмяни","2017","878","7070"
"Благоевград","Хаджидимово","2017","1991","8069"
"Благоевград","Якоруда","2017","1142","6953"
"Кюстендил","total","2017","29410","8642"
"Кюстендил","Бобов дол","2017","3382","10383"
"Кюстендил","Бобошево","2017","278","6749"
"Кюстендил","Дупница","2017","9940","9120"
"Кюстендил","Кочериново","2017","544","6330"
"Кюстендил","Кюстендил","2017","13101","8144"
"Кюстендил","Невестино","2017","348","7785"
"Кюстендил","Рила","2017","638","8098"
"Кюстендил","Сапарева баня","2017","1094","7090"
"Кюстендил","Трекляно","2017","85","8069"
"Перник","total","2017","27344","9321"
"Перник","Брезник","2017","992","7699"
"Перник","Земен","2017","368","7886"
"Перник","Ковачевци","2017","170","6663"
"Перник","Перник","2017","21637","9429"
"Перник","Радомир","2017","3670","9574"
"Перник","Трън","2017","507","7932"
"София","total","2017","62300","12149"
"София","Антон","2017","154","7467"
"София","Божурище","2017","2499","13732"
"София","Ботевград","2017","12663","12518"
"София","Годеч","2017","1386","11313"
"София","Горна Малина","2017","650","8830"
"София","Долна баня","2017","788","9845"
"София","Драгоман","2017","1154","10017"
"София","Елин Пелин","2017","8801","13912"
"София","Етрополе","2017","2521","8224"
"София","Златица","2017","795","7923"
"София","Ихтиман","2017","2689","9851"
"София","Копривщица","2017","348","8243"
"София","Костенец","2017","2224","7919"
"София","Костинброд","2017","5851","14099"
"София","Мирково","2017","..",".."
"София","Пирдоп","2017","2862","18748"
"София","Правец","2017","1523","9792"
"София","Самоков","2017","8052","8193"
"София","Своге","2017","2649","9507"
"София","Сливница","2017","1383","9186"
"София","Чавдар","2017","..","9189"
"София","Челопеч","2017","1141","26141"
"София (столица)","total","2017","739542","17199"
"София (столица)","Столична","2017","739542","17199"
"Кърджали","total","2017","30749","9285"
"Кърджали","Ардино","2017","1757","7199"
"Кърджали","Джебел","2017","1528","9054"
"Кърджали","Кирково","2017","2746","7405"
"Кърджали","Крумовград","2017","1981","9449"
"Кърджали","Кърджали","2017","18777","9969"
"Кърджали","Момчилград","2017","2918","8649"
"Кърджали","Черноочене","2017","1042","7254"
"Пазарджик","total","2017","61829","9468"
"Пазарджик","Батак","2017","1476","9187"
"Пазарджик","Белово","2017","1300","9453"
"Пазарджик","Брацигово","2017","1056","6777"
"Пазарджик","Велинград","2017","7699","7716"
"Пазарджик","Лесичово","2017","718","7216"
"Пазарджик","Пазарджик","2017","27969","8883"
"Пазарджик","Панагюрище","2017","8284","15417"
"Пазарджик","Пещера","2017","5834","8818"
"Пазарджик","Ракитово","2017","1829","6709"
"Пазарджик","Септември","2017","3832","9612"
"Пазарджик","Стрелча","2017","666","7319"
"Пазарджик","Сърница","2017","1166","5240"
"Пловдив","total","2017","220592","10771"
"Пловдив","Асеновград","2017","12395","8514"
"Пловдив","Брезово","2017","909","10675"
"Пловдив","Калояново","2017","1733","9643"
"Пловдив","Карлово","2017","8028","8768"
"Пловдив","Кричим","2017","1301","8667"
"Пловдив","Куклен","2017","1151","9408"
"Пловдив","Лъки","2017","1000","13307"
"Пловдив","Марица","2017","12171","12613"
"Пловдив","Перущица","2017","926","8307"
"Пловдив","Пловдив","2017","141828","11188"
"Пловдив","Първомай","2017","5473","8522"
"Пловдив","Раковски","2017","7614","11107"
"Пловдив","Родопи","2017","6273","8407"
"Пловдив","Садово","2017","2377","9216"
"Пловдив","Сопот","2017","7326","11675"
"Пловдив","Стамболийски","2017","3113","9746"
"Пловдив","Съединение","2017","4461","10028"
"Пловдив","Хисаря","2017","2513","9393"
"Смолян","total","2017","31771","9133"
"Смолян","Баните","2017","595","7066"
"Смолян","Борино","2017","637","6778"
"Смолян","Девин","2017","2859","11191"
"Смолян","Доспат","2017","2069","7475"
"Смолян","Златоград","2017","3206","8622"
"Смолян","Мадан","2017","3166","9399"
"Смолян","Неделино","2017","991","6521"
"Смолян","Рудозем","2017","2350","8288"
"Смолян","Смолян","2017","13260","9454"
"Смолян","Чепеларе","2017","2638","9642"
"Хасково","total","2017","52676","8537"
"Хасково","Димитровград","2017","12408","8873"
"Хасково","Ивайловград","2017","1024","7541"
"Хасково","Любимец","2017","1140","7815"
"Хасково","Маджарово","2017","194","8524"
"Хасково","Минерални бани","2017","719","7355"
"Хасково","Свиленград","2017","5568","8436"
"Хасково","Симеоновград","2017","653","8025"
"Хасково","Стамболово","2017","577","7781"
"Хасково","Тополовград","2017","1226","7793"
"Хасково","Харманли","2017","4377","7712"
"Хасково","Хасково","2017","24790","8713"
